"sample","A","B","C","D","E","F","G","H","I","J","K","L","M","N","O","P","Q","total"
1,21.3461331622496,5.94316498570633,2.2488513175647,11.3510958477607,23.2375390363333,12.0437018237398,9.00189638742912,4.5898614033267,12.589295317527,2.85309130020473,2.38297591304922,9.27386287514978,9.11754771631554,7.64742289439669,20.668396373277,8.54612184053363,4.69320980083215,167.534167995396
2,10.4351872512546,3.48920632731138,1.5693241428554,6.07455159907013,9.96460665268351,0.877839399238094,3.61647470251981,1.97855464994097,7.85801279580668,1.81638788252524,1.0325818400159,4.63477587053273,8.19447678782248,5.9933059349986,14.5002779051228,3.51457886217123,2.4286554666169,87.9787980704865
3,17.6826086254501,5.82372886829316,2.19241761258134,10.9445691311579,17.9265658049828,5.47204236836581,7.25148143962023,1.90376697398802,12.3888395524196,2.69260329711139,2.22861802270195,7.45265044483555,11.7687662473964,7.97153375421827,22.3718696010205,5.33972195759934,4.54190819110975,145.953691892852
4,21.9525075875159,6.99338625646298,4.01813095014483,12.1946556206934,30.984647019861,9.17884788389865,8.84114163692624,4.23532668334108,20.1943788122942,4.01840775854399,21.6768459660119,11.3313693118345,14.9085247100926,12.7040819352862,38.4465512639269,9.71346376281475,8.73951341037834,240.131780570028
5,12.8984828201696,3.86984150594146,1.94491546432644,8.01885732229329,13.4633348207645,3.90561422645314,2.91005999305865,1.08590741567091,14.4905630753467,1.67729353628506,1.25870560431025,8.43334655494406,10.7977506734758,17.7714892491778,11.3995488125341,4.37718776339928,4.32559869106054,122.628497529212
6,21.120676515418,5.37422323836323,4.02844706296166,9.76128502755305,39.9643715558682,4.47860241528901,5.85174111853676,1.42059444249033,25.2191933403682,3.18267088756009,1.96293527963419,17.405279047954,26.7697268143979,30.2184019228514,39.6572429358659,20.5179681088053,6.99154355727518,263.924903271192
7,11.175784077863,2.794483484823,1.77770140325989,7.26783324680263,15.2005367341119,2.37128984373286,3.00219373615204,1.51567424480633,11.9367618991905,1.75772377936864,1.05268622991817,11.568521348709,12.7940301126849,20.0755376481686,26.9706258729242,9.13968249325426,12.4291679158775,152.830234071647
8,18.4055063937524,5.13838758798672,2.44437649447465,11.877738978345,46.4766540891273,7.92184394474037,6.71475486029146,3.51394027605355,23.7504754799136,3.86468850714596,30.1107883487546,20.3996599783511,28.840306019484,36.3253199933953,44.4743791241385,39.0240033268305,0,329.282823402785
9,14.2395516267201,2.96691880069261,1.97898478082566,8.57850177708922,21.2684407181263,4.00986968012394,3.89506060329901,1.99949876970746,14.5207782739451,1.80708101704183,1.45435159026702,10.7125672104256,11.8484917524834,10.8009477809168,15.0369816823111,9.67533946960722,3.69815911783469,138.491524651417
10,16.0707737042542,4.15301572146213,1.83364978788503,7.73821432833878,43.3763928521054,9.23435719943147,4.97617368472447,1.70463397962394,13.973667364675,2.49916998491868,10.8130133344907,11.8929117797042,9.6666919830308,15.5577484349062,21.4670869183113,18.4598066553105,3.89108900148643,197.308396714659
11,21.7791476815867,4.28919860627178,1.91943178772447,9.12059769498794,43.4667515411418,9.83728222996516,5.24107477887966,3.00771911015813,14.3272045028143,2.10522648083624,13.193647815599,22.4370946127044,10.483127847762,11.5683060841597,27.0511793084964,18.4940632538194,5.15976949879389,223.480822835701
12,39.9705156692974,6.62208259903456,1.88408551068884,25.9673894720711,82.1118994713049,10.4354608842234,10.0980154777412,5.79535667764922,35.0438127346563,4.49930273542257,33.1761550839016,39.8695885372768,22.127591755421,26.7569688146502,38.0104206574209,41.385579649069,8.8844379741016,432.638663703931
13,25.8251784544441,5.68333375873129,3.51792201604601,15.9853663101832,50.5447135795537,8.57905170286803,10.0757378527613,3.28771365612531,29.9239728766261,3.5895250006381,20.2916868730698,25.6686660370777,13.980448709768,14.3070862792142,17.6660796174822,21.1658796804411,5.3452274602891,275.437589865319
14,16.3575315635296,3.08920016217173,1.16095544274596,10.9138377026433,15.2562027831867,1.76097942588923,3.65404886850956,1.99656241613038,16.5463131627485,1.37218983228931,14.0639322076483,7.92613191870857,24.5890374194138,83.1170434494612,57.9977729938386,5.40742221181684,21.9574927336786,287.16665429441
15,24.3514373471152,6.62303433815821,2.95744054735061,16.9313788600541,58.7182505379706,5.69700759596108,6.3379742877637,3.20705891008074,24.0634161593497,3.44076805650071,22.7645987750823,19.8149013260746,29.7815195600596,83.0224752165677,61.1786062422983,46.4366114288867,17.5511393941623,432.877618583436
16,14.7050657505702,3.25872215808296,1.18913261810229,7.0730249016792,21.3371723031003,15.2416298256976,4.73853706154554,2.55087808220464,17.226095608181,2.6461952899877,17.7451543566206,6.61083734594843,25.0356676897662,64.8348585963825,30.0568336477722,20.4050723209341,9.40234092679676,264.057218483372
17,9.80090332975028,1.92619731096042,0.408613306531059,4.68855574482306,29.3430882305262,2.47083880975955,1.98361436648452,1.57551981364771,13.7421544738765,1.2291569504266,5.68884754377608,11.9294195694843,6.63422128336671,12.5861767104531,18.4777821284364,14.7745092415472,6.40873301892204,143.668331832772
18,20.0801534602331,6.25137966651911,1.67491220303969,8.58602921646746,83.5717397078353,6.37768924302789,5.5294673159215,4.06323742068762,43.0050346761104,2.52078500811569,14.4778397521027,37.995219123506,14.3623196104471,21.8329526339088,35.9900014755792,33.3914003246274,8.44090305444887,348.151063892578
19,3.58325534982764,5.04244292084833,1.58760730689533,18.5109956743027,5.82550394851179,0.682755937091183,3.12538554090314,0.732606495230274,7.76538344012299,2.55589507558034,2.9917520506479,4.58537045348204,5.79975984263247,14.724356158628,36.5197234609398,7.72441583988236,17.4704410683422,139.227650563868
20,34.9041308463424,11.4183089703403,2.7695395342582,18.7419798682019,122.899165140747,12.0148557359072,9.24672315156782,2.85784633210225,123.44144088224,4.58297383693864,26.2190496880916,68.2261258185655,24.8952339571501,24.0286769498153,46.8921510815928,59.2644755490726,9.67489111655959,602.077568459493
21,14.0882316391202,10.115239633818,2.92626651754277,6.65328693923201,48.5510542231059,3.47664761194648,3.07012965494387,1.96233586015492,54.6633942255913,1.43474793919059,7.06723002361128,29.0446750341742,9.59770722008202,17.7098918851746,23.3678389461911,18.518360879831,7.82081313947227,260.067851373183
22,15.0335866920025,14.0751741840851,2.17267560089342,5.00270860419375,51.1493149314932,2.17344234423442,3.91558322498917,1.68582691602494,36.6077774444111,0.83995899589959,6.03935393539354,27.0002750275027,4.74672467246725,7.16350801746841,23.8966813348001,17.9988082141547,6.22417241724172,225.725572557256
23,28.5975974950185,22.8151892968972,5.30514090520922,17.2273726159977,96.0239795046968,7.95044691147168,7.48559066325078,4.54162254483348,114.022043837176,3.88044406490179,8.61171648163962,60.0302875035582,9.2866951323655,30.9790378593794,68.0435411329348,22.7298605180757,5.7042755479647,513.234842015372
24,37.5958550163928,34.9285162884051,8.05883261132151,11.5771826099592,186.170939705201,10.178750147581,11.4085678736525,2.79388605836035,154.403000662979,5.05417359162285,17.7037299403319,78.7897265436976,16.6097412563914,18.0981027890545,80.4493365664932,110.079521201718,21.4065335258698,805.306396389033
25,46.1867962881131,62.3069907202828,17.1945558992488,18.2164560318162,195.694211224039,15.3438091029607,19.7561467079099,9.5282015024304,179.684100751215,8.35135660627486,27.6255943437914,105.089951391958,22.2257887759611,29.8427574016792,73.4154308440124,66.0843482103403,14.1100132567388,910.656509058772
26,20.9302074433546,23.3418680154472,4.79949420730665,8.70712552544342,59.9747377054783,2.8711253887427,5.75116366494652,4.10888212979734,131.870462390212,3.11977034277708,11.9630908034585,46.1737056149824,11.4627251290113,12.2726085916408,65.0828201360172,27.1169132975633,7.28372919585797,446.830429582038
27,20.1579006200562,27.2975809262048,7.05349052819842,4.6061295476812,84.5851147071007,5.53272883885773,7.66274994575331,3.30750971508979,75.4479461872793,3.91474392272641,22.529224173642,40.8255755081107,15.2755534806652,25.9860207912784,38.9745862456685,42.3075162904467,14.5917295161195,440.056100944879
28,32.0183586365497,30.3653407651381,8.27331371440822,11.2355245463936,97.8702032702539,13.3022743661203,10.1992750092573,4.99195104363587,71.7446746311707,4.04427900450196,21.6348931028434,47.4248211884391,17.5336867338387,32.4819824209234,49.6985051938181,43.8577303112393,11.9967453372571,508.673559275789
29,16.3356810470986,14.0607518895899,3.74354196013089,8.51595257800896,40.9599938612309,5.92993033593318,4.43096351269136,1.59314211798495,65.2497437612019,2.11224081514084,6.92743646099963,27.7590752382884,6.70258211973888,6.83031236468673,17.7410645283288,19.6149237860858,4.37431144387137,252.881647821011
30,9.59630713698995,9.11635063688004,2.2419642822711,5.14812715233831,32.8519036986476,2.77777649232003,3.00295783827142,1.40794644268851,40.4293068940384,2.30365082854179,6.32459093520907,23.7255881933277,11.4268580970341,25.441874814412,19.5937156541759,18.7689916740902,6.35597410059735,220.513884871833
31,18.4326816509288,28.2349898774955,6.06593666415451,8.81086432888534,104.972292414771,4.13711929777896,8.06806460670006,2.68324688566742,89.0939102422012,2.82675001108303,23.2888829779374,50.0238654667435,24.6076753705428,17.6096407619216,47.2766473083005,70.149975617325,8.65630772413589,514.938851206573
32,27.6549502142677,38.658888958911,8.82387509452987,13.3254348374086,126.587251071339,9.62309364759264,12.4416435593648,5.65175195361734,112.655344088732,4.75485253340055,26.0094214771868,78.3652319132846,37.9013108142173,70.3644284093774,79.7966504915553,62.8388108142173,19.0180552054449,734.470995084447
33,5.31543897315709,6.51962479479258,1.57585913961753,2.01139874294237,5.28626332653178,0.671700906600236,2.98035471860975,0.388882060023,6.74573127593262,2.20399461339059,2.92728623601107,4.00670594630326,5.25332634057466,17.4748929916715,21.4800091779958,6.87798728738326,12.1096415391717,103.829098070709
34,35.2758818335321,37.2797546202345,9.67778414636036,18.609390733196,26.7580437779809,6.20708565055071,16.3378619119173,10.1100181246418,17.4553312781745,6.65806391647174,11.2635818629653,13.7155515622822,11.9366102272551,12.6958313323935,67.6910445680294,12.1887131504345,13.1024119715583,326.962960667978
35,11.8919744693104,23.5120055028554,5.12339833314671,5.08351862812535,15.4772287364228,3.63377217538752,9.90814710540208,4.7412698158783,16.5582998736263,5.94735495017036,8.48175579479468,11.677491081855,10.0141090653144,14.0699374530098,36.1508966135044,7.9335498216371,6.9141618543343,197.118871274775
36,19.1648220263715,44.3414975746396,9.86356493817039,4.90988590558174,23.8566646170663,0.147605383616861,20.0000683200109,6.32048917127827,17.6540274646444,10.4884539181526,19.3367493338799,16.6764364282298,15.2646717223475,14.7027054724329,96.2406572385052,10.8393113342898,11.6205848192936,341.428195668511
37,10.3832259251633,21.6127873405854,4.14050828671191,1.91313300358806,10.661841695983,0.852162255703001,12.7004385407676,3.17490372693937,14.1144849884122,6.13550515427785,11.378989472393,11.6609611096264,10.4458483200953,8.31916655349015,39.0920760370985,7.20996070219095,7.18404254853082,180.980035661557
38,28.5290283593042,31.9646623789586,7.39903022978087,16.4269866620624,21.3897353994907,1.78676565804809,19.2144861225018,6.58894116631415,14.4186414583963,9.17926360771787,14.6241924576625,14.2646292859096,10.2226155019352,11.7055006402786,56.8229809643027,8.92407303492036,10.8441029625473,284.305635890131
39,30.1194797891037,51.0879718804921,13.5927451669596,11.2416449912127,20.9677609841828,9.29622495606327,22.4240421792619,4.90572934973638,18.2632548330404,10.564920913884,19.3078945518453,16.3231775043937,16.8640843585237,15.6079015817223,64.7904956063269,6.66533567662566,11.6129068541301,343.635571177504
40,21.9485585483589,34.3537088689674,7.77364937885322,7.94394754989244,17.0416327874927,4.25910106114719,13.6378513570539,3.84966909910559,12.3454131886907,7.35985343612017,10.1198036208689,10.4310048477238,7.01330808262745,8.32577527557921,29.3876841054354,6.65021253821056,6.81046531973363,209.251639065861
41,24.7035567845904,32.8972823495757,8.60053399446934,10.0046152379136,12.8703156288738,5.61870887765805,17.489081720225,6.83949651950033,20.3860207876418,7.10944979498427,15.9897396776962,10.7890531133785,12.6090206922857,13.2157909793077,42.2963097167922,4.30941165252217,14.030609325832,259.758996853247
42,22.2104225466233,32.1854667728998,11.603003335539,9.66782352702867,14.583867874843,1.2718801906794,15.5247059459021,3.37299968940325,12.3048709673063,9.06656223413593,13.3942283021161,10.932762555536,9.46247856207209,9.35884728092801,34.2542842095313,3.95549013517711,7.14097041228343,220.290664542005
43,12.8252112067272,20.8265157766513,5.21420880977642,4.00592557664348,7.88898581476679,2.47206570002751,8.51664112538803,4.54776219104876,8.71124209202719,4.67691461354081,7.8165586074109,6.29530433415851,5.81011434633974,5.57422295571535,16.8150575661126,1.89992534087783,4.40550119847538,128.302157255688
44,18.0087827698826,24.8214611469091,7.02445052520081,5.79487745314385,9.83842351487333,3.6792597169506,12.4654868037779,2.57858887221585,10.199031982817,5.94717097713832,10.5723511931032,8.60606996792891,7.53371877482567,7.04954835672463,29.6301232824315,3.92164651190161,6.01506458351723,173.686056433342
45,18.013714372693,20.080094371932,4.57445108261349,4.69230944860916,8.61490924312188,3.31834544693481,11.5168309296396,3.23271052931999,7.77985463678222,5.78483199512919,9.96823318999962,8.06134175577457,5.83810647284904,4.67961490163248,22.5051029339016,3.6258457323338,5.3407968339739,147.62709387724
46,21.247228002809,20.8177665530593,6.78791080644018,6.84641106092917,9.24057907520633,2.38041916592038,10.5345428540135,4.91518107375027,7.94561022594757,4.96074426755491,12.6306817083621,8.4855005701842,7.66457706506543,6.86197676740995,53.6019534446213,3.9525426349597,8.15041265873348,197.024037934967
47,19.9043199851515,20.0335814711946,5.88939194071207,11.5917458255169,8.0987425177486,0,8.08923682692881,3.00195549427604,8.14503801613449,4.69601012879747,8.06790536733463,6.65147788965709,4.6303585514759,5.60756212837323,16.7377185016274,2.76394201130872,3.89531808268758,137.804304738925
48,15.8742865196251,25.3804700162075,8.21941723627651,7.90155732506518,8.63263688253118,3.47917694313297,10.1486681699669,5.6905256852935,8.03461701078148,3.66998449721655,8.23100909026848,6.70727926150377,5.66936790923825,4.78269677964907,34.3420125431612,3.0889119864703,5.07608695652174,164.92870481291
49,12.5855354659249,10.4402594042113,2.9063298508911,7.85601772487628,0,1.4138499854449,8.24072516738364,1.31662192321377,9.04570301128829,2.97404340654009,18.3529126370605,6.81353300773038,12.407235501504,7.39272891936475,43.709027395931,1.33649771970114,7.28537697706763,154.076398098134
50,10.2126798561151,14.7706713007972,3.19217868948085,3.66784950418044,2.49589247520902,1.36469473070193,5.01587108691425,2.88288693369629,6.3319560567762,2.97784610149718,24.4956372739646,4.19153461014972,13.0360927474237,8.94559352517986,33.5765725257632,2.24471368850865,6.43464417655065,145.837315282909
51,7.71759282625885,8.6628980972089,3.11393753820443,5.3971634785242,0,1.17733026015467,3.50521823494114,0.797164600122254,4.69168951922699,2.07844456782023,13.3324024069494,2.7471188950016,6.61475910877819,3.66484406983069,12.6121457853149,0,2.28383160326834,78.3965409916049
52,5.4718958101644,5.04455803732933,0.830396741387858,2.8366875242855,0,1.18666005654335,2.25786850320904,0,2.95814184074069,1.24224538742915,8.64000509158147,1.8159460292364,4.75351386116061,2.99203435477604,8.43173261157933,0,1.97944608953144,50.4411319389546
53,4.01095403398869,0,0,2.15906348856746,0,0,0.607223815083432,0.558799968034492,0.939606629334591,0,2.24487138755645,0.698633474514329,0.908553307358109,0.283471688110195,1.60365498301345,0,0.490576996918447,14.5054097724796
54,3.92563860333298,0,0,2.39117100933997,0,0,0.531293773821103,0,1.35981441063276,0,1.89987574633638,0.949363141802749,0.763922692814229,0,6.50176142365846,0,0.868505186543375,19.191345988282
55,1.88161459907251,0.817660777105814,0,1.30911460226019,0,0.714316133877534,0.524136488883279,0.773607014940027,0,0,0.698663341277036,0.721739607201101,0.724700326036092,3.26403568163475,0,0.94655532731754,0,12.3761438996059
56,1.9699919490595,0,0,1.6140091412246,0,0,0,0.593679885520169,0.559444459867702,0,1.05365611126955,0.437673353910763,0.452652141323029,0,1.76212373210306,0,0.432491980607076,8.87572275488546
57,11.0018470161136,8.14842135127467,1.54297062723278,2.52653276282344,0,1.32479112505862,4.56987684629236,0,3.90284347841191,0,13.1256955260522,3.05013577594942,7.72162745858689,5.17794465899682,38.908812988171,0,3.85828349091835,104.859783105882
58,10.8190651437291,9.97636305155996,0,6.01609706108954,0,0,5.04041469380428,3.01831863504103,7.21163296905505,2.25839074269386,16.3433640763264,5.13366095939083,10.5708771851087,7.6468520222307,19.7041940623387,0,3.53557884343514,107.274809445803
59,3.03699520539166,1.79559475621061,0,2.12408394372791,0,0,0.846154560636656,0,1.36890619398008,0,3.25269127812258,1.25388760813876,1.38952988317206,0.933170850416022,8.03492763503761,0,1.80253124111809,25.838473155952
60,4.97253597614049,3.0812231762348,0.92984370414406,2.22361018092794,0,0,1.76166575111559,0,2.45679226020714,0,5.97184116066793,2.44277053280056,3.39101054263333,2.29527901732524,9.30211931260927,0,2.82657455972027,41.6552661745266
61,4.89966862144589,3.46200740046567,0.761431593998473,2.98047475049997,0,0,2.13317456790362,1.14652632189127,2.54137884394292,0,6.05515568995334,2.04498246495406,3.74774652922025,1.98723757813481,9.8986783502565,0,2.18386679161796,43.8423295042847
62,3.52735438146268,2.93453995017819,0.797429715654776,2.81476209331816,0,0,1.40990722316063,0.580845166431926,2.05325019673101,0,4.31049415821684,2.1773586418794,2.84720641969616,1.19152327440592,5.45292740751136,0,0.895304018324804,30.9929026469718
63,4.99892372191978,4.6533070521244,1.50683311432326,3.65202427883111,0,0.656798698454415,2.53698141543082,1.73627432576184,3.09709655215568,0.85443338965021,6.31053125586634,1.7329266003379,3.59395532194481,2.19717164132407,4.3874288217258,0,0.924766910706464,42.8394531005569
64,6.9585642804985,4.4644525143224,1.27461271936918,3.0083165483139,2.5545182331868,0,2.4798212211653,0,4.98927228977069,1.11786759192555,8.45642510940892,4.90242145346016,4.44971110163636,2.11673552200185,14.4756850003185,0.73625711219254,2.34855991884382,64.3332206164145
65,20.9678076318422,9.02463555809633,2.46312705445191,6.71243032728312,30.1267686151208,6.19109975703873,7.74946405602401,4.30248678004859,47.5153994569101,1.75471630698871,24.668482921252,22.1430255823925,11.5179362583965,9.94858510790339,50.6257860511648,11.6617121623553,11.7258289266829,279.099292553952
66,20.132203475963,11.7192295965037,0,10.5251549954264,37.1447047464173,7.13083138530338,9.31072771623132,5.40316597215164,54.3142849883118,3.62704543144629,36.3561591625165,25.1947352373209,19.3599197072873,17.3640359792662,42.7272080495985,17.3537961174916,17.1677507876817,334.830953348918
67,2.40356358694353,1.831661834858,0.539407411960348,1.77676361016353,4.21567281655176,0.738040846710443,1.14145418660001,0.737723279073659,7.29076561118111,0.519936759649105,4.62953515610327,3.05737388637908,2.79739867714298,1.78524915400665,4.04536095147362,0.93835090199453,0.726024497099207,39.1742831678908
68,1.14584043777381,0.705406727100967,0.348762122291666,0.538976351101327,2.82247000898243,0.435478136704188,0.320423204565803,0.171400461165859,4.01546748548517,0.141148967600849,1.20065358433835,1.54695315640314,0.511329617499343,0.505613656778253,2.65446516804692,0.78829613871544,0.811370393964503,18.664055618518
69,11.5617006449107,2.3405402626483,0,5.58698297184442,8.01829055825617,2.67504841114342,2.12826239696566,1.7579956929791,17.9164300851693,0.29090098992934,13.2403991705843,8.6682737071797,5.18542467568818,4.50257335930494,19.205486025031,2.41670712829096,4.293460068661,109.788476148586
70,2.32853597742872,1.47228262880305,0.348251589184093,0.842816367191622,2.91818185555313,1.2111617658545,0.837524339627037,0.565422039883416,12.0742391168809,0.408818036194618,3.12813092218582,2.6658198326338,1.76194097649008,1.44912761021518,5.27367949387279,0.75860160021486,1.07593689579145,39.1204710480051
71,10.7838043603645,9.60484484946361,2.92455877263814,10.1853500980505,24.7795824201177,11.119160226093,8.08725343176837,4.05977621409621,47.3139231745299,2.6951205444688,30.1186065290114,23.7205444687969,16.8677356096436,7.96223324489561,24.8394739877725,7.82131733763987,5.5942092513554,248.477494520706
72,2.61133775802229,1.81232353855472,0.699253614154732,1.01616154494499,4.44786675939071,1.29126994555133,0.98561709028096,0.616295503417864,8.41927720110115,0.412358149834795,2.94648070581373,2.68941503731929,1.63189621743575,1.28273249646677,2.81939962248067,0.933027173059605,0.517195076224935,35.1319074340543
73,13.5464833914282,2.90710490237368,0.965976397637972,9.92854774684361,12.2880670973754,5.54809630910671,4.17932060323121,1.72910151524655,9.48264769397575,1.19544081936218,11.1336302296616,7.72684343049669,5.28848824810258,3.3649226247547,22.024588033943,1.73580408426599,5.74376114481313,118.788824272619
74,21.9809330628803,9.78930744711678,0,10.3892205157925,16.7454071283686,8.29269776876268,9.22851347435526,5.4563025210084,24.2497247174732,1.80240509997102,26.5052448565633,12.9949290060852,8.87157345696899,8.29174152419588,80.1059982613735,7.07762967255868,8.97067516661837,260.752303680093
75,16.6396969169134,2.70693259014109,0,11.1089531440516,8.11668263368751,1.74039801428323,4.58643964466121,4.75224264065494,8.89437815711548,1.39683852987284,10.8076772339314,7.12151628636126,4.86102159902456,3.29552778261627,31.0531701794113,2.56316408291238,8.05062271381292,127.695262149451
76,10.0110804934482,0.896252630599835,0,4.35847082214238,1.49652935226203,1.8781494529515,2.44485913937238,1.03818293859802,7.16737009778274,0.368295603846199,11.0155452463172,3.68819979769089,4.33207762158894,1.5909984071064,17.4923901542898,0.828688362575139,5.81038752659667,74.4174776471682
77,2.79798056804994,1.64084351943619,0.377436405682194,1.88945219520046,4.96398651453161,2.43167475625355,1.80264372781717,0.362447375331419,10.6636044827323,0.542197148738279,6.25801970301475,5.38416643372045,2.93421598773432,2.47328318636545,10.8011486366293,1.4931047919155,2.29795092034933,59.1141563535022
78,6.5406389031247,1.77352436551617,0.755512971917081,1.88320199251815,5.16209263922003,2.06903005860202,1.73640727784091,0.331097692313406,12.5646342882467,0.893677072424371,7.50163278544036,5.31889946052472,3.91169341760932,2.9353743770286,5.01744196122413,1.33453161711367,1.34996571026786,61.0793565909322
79,0.259929101192047,0.112388607847828,0.0423974624910899,0.123099581439286,0.417830637065685,0.164314369433475,0.0959560301600495,0.029219089525623,0.76546140337463,0.0171256570071306,0.381361345905776,0.264022832153947,0.172075747896714,0.129228153819212,0.456677917900932,0.197704267247439,0.0997670414885667,3.72855924594943
80,23.7462496425136,11.3523646101448,6.28812105140005,11.3106881938486,22.459844525908,6.14707641109638,8.24033486727504,3.73826794581806,76.0004939812287,0,31.175233341133,27.6835920235031,15.8549255128305,17.2126979174791,45.2023243116762,8.94124223279515,9.80560538699529,325.159061955646
81,1.51478831149951,0.578021153594191,0,0.722908735863652,2.31734519341737,0.110456006590531,0.282726957820243,0.280126282613885,11.3728836983073,0.100227402034952,0.636713134217455,1.88451853407351,0.315268601827472,0.240231314714006,1.67821624910484,0.431896949366702,0.282931565807493,22.7492600908531
82,0.906603097177406,0.368838884378245,0.102011564263805,0.423507463867213,2.14587020863643,0,0.253606317629332,0.173643679681157,9.06127338529679,0.113961851978183,0.565478198192269,1.69472849546232,0.33029344778204,0.275642587423341,1.02885370516506,0.605472806514059,0.160664416759007,18.2104501102067
83,6.02967900437676,2.19955935965539,0.82271965328389,2.81870844297198,16.2139904956051,0.695190828884666,1.2603828762815,2.65278660558737,22.9622952817233,0.556669048803059,2.98507816590866,7.58407239938218,2.02367206873726,2.08752869266818,7.28270470181031,4.29874624978182,2.06177527342425,84.5355591488857
84,1.63549911202679,0.550556316025843,0,0.852036414979123,4.89833379823138,0.23050901489361,0.48096807927463,0.239564295399448,10.7583775883961,0.237722652955944,0.989392785715747,2.63864067401959,0.476591216765624,0.41751218876512,2.58112542662024,0.728831612492582,0.431730530016079,28.1473917065779
85,2.09234152839014,1.18654423988353,0,0.583575123648642,7.49652802874637,0.344236269579853,0.517594762873398,0.168874616663397,8.55331089243859,0.279600813654527,1.89147831115058,3.22325162369511,0.944205809162906,0.840046671554101,3.07841492250663,1.60097628217704,0.679850692329138,33.480830588454
86,5.12505331496405,2.22194123086795,0,1.01978221073093,17.420227602997,0.626289467227811,1.86223790741125,1.56223979466662,42.7988600977598,0,5.42642534961406,11.3771377885142,2.37345009153189,2.48146149055429,10.8209560835677,5.99887519580274,2.38979372298866,113.504731349199
87,4.91746696553307,0,0,3.26079872141098,2.23329715576286,0,0,0.186035835631034,1.14544800206297,0,1.06215268823908,0.655191859196518,0.184346919286234,3.84079979823684,10.4792611841117,1.84000068010054,3.0229562270289,32.8277560366007
88,8.19306125269327,3.28000603041591,0,0,23.7340963484575,1.15139484776341,4.13773218671675,1.46222509783722,60.2248214431539,0.719780392353935,7.00264458864397,10.8172595528698,3.0853617935462,2.7092899813434,12.7734134038557,7.60618871432789,2.73226837863474,149.629544012614
89,0.181460492217108,0.0132222667107424,0,0.0642937698589704,0.208371893988208,0.159061778141743,0.0184083996912313,0.00687097714918906,0.229272197900256,0.00781165196866924,0.0944799643873002,0.131425678520184,0.0410732242496703,0.0330297047785072,0.192874595266993,0.442619395537535,0.124909664555315,1.94918565492162
90,5.16462554289116,0.528241363345753,0,2.33128486077735,8.3983718776869,0.218192640931237,0.799835754756498,0.672451994091581,4.99151215855729,0,2.61901717409996,4.15030644414559,1.23507462686567,0.904941687426971,3.64421063074583,2.6528417734077,1.13944862100134,39.4503571507308
91,8.74848496495881,0,0,3.1845075655661,6.83613705568581,0,0.834163986794959,0.723689211754707,7.34847727767742,0.27012252672398,3.9264070927983,4.42438918143265,1.93969754818431,1.03509243955875,7.27259526890537,2.05557904447092,2.11050039931156,50.7098435638237
92,6.97401492870616,0,0.249359757111566,3.37351698841149,6.85144939586729,0.298707160742539,0.828243857706909,0.646172559118532,9.71274356549958,0,4.7354217050654,4.7177942385267,2.36905548138188,0.958677607415889,8.49989784621817,1.74525222481434,2.1125212028489,54.0728285194353
93,2.04301876889862,0.864451813372617,0.0722635399085113,0.801358016592017,9.33441084027649,0.236722510153813,0.619671857387384,0.323723243733263,12.5881189949365,0.225772494945459,1.21505209606909,3.71669817678668,0.724642305467254,0.492535978195395,2.09053742149805,2.49161453083718,0.409367153532811,38.2499597425912
94,3.50003187020136,2.32419527741562,0.944476314645806,1.23403737505432,23.2194987686513,0.996465304939881,2.27034043169636,0.977603940315805,15.5223294219904,0.812522091844126,5.53030276691294,4.94383311603651,2.40355207880632,2.03828480370853,8.38526437780675,10.6874692162828,1.80162827756048,87.5918354338693
95,0.232731044343301,0.0958951180719532,0.0290578611040864,0.0591341946953022,0.776439528484106,0,0.078001570337104,0.0634638548838002,1.06987366447899,0.0264785564880672,0.124220520031591,0.331467285891794,0.0771386338067195,0.056816420910254,0.303385844960606,0.358133349616604,0.0735391285262738,3.75577657663055
96,4.19458809716826,1.90289464120985,0.736365415257317,1.79861907024851,20.5554957649624,1.43530036619797,1.58904061722528,0.593401448019456,34.6680247672826,0.753480278422274,3.42778771699326,9.9945978810835,1.50708635004053,1.38573784697957,7.03642411874878,5.1926243256087,1.67217594275012,98.4436446481984
97,4.80092051296327,4.23356160570124,1.37203446974618,1.63850070213858,13.7009137080959,0,2.79939869717722,0.735674207696924,12.6393482174341,0.98009266992063,3.20259327307933,5.49575933040105,1.91946748819974,1.89649178157613,8.13027609202655,5.44146886154569,1.76396389708566,70.7504655147882
98,1.71174421594832,1.03933700624187,0.302908455222466,0.658985768128817,4.66920964930737,0,0.886667134222208,0.536551154472558,4.82709016808622,0.33189949633878,0.870845574197168,2.40775778544915,0.646270854925308,0.45948761107691,1.48051462279957,1.09330330587743,0.309913995755635,22.2324867980498
99,6.39692034917618,3.91245836960602,1.34979913584487,2.54341940275859,13.6648244135805,1.32069579662804,2.96582514036531,1.98940970696995,15.2754194985983,0.963341293357506,3.63144023193221,6.60123473552221,2.74788553538484,2.14610770791237,7.41358848006134,4.53529698344368,1.91503006972342,79.3726968508654
100,1.64833698892774,0.774551685554766,0.27807543037256,0.846139289004985,3.34565377229421,0.188421848355396,0.602969356087987,0.390862151516374,3.5290353470643,0.281175705343579,0.586597256908143,1.60822989604048,0.423198908802485,0.300219956132867,1.22135942610787,0.608714895694051,0.215451530541018,16.8489934447488
101,3.33032846602978,4.73543656942321,1.73710403989616,0.970611474249125,16.3660225955076,0.383164191969462,3.09413768688496,1.17904015268899,7.54271802817769,0.803120478589679,2.7750813212523,4.28894954490883,1.80744564046258,1.35690024935097,6.1347162221789,4.69193354745364,1.45268488399536,62.6493950930192
102,9.18126435448324,6.25878204384642,2.15823686347291,3.09278273982137,28.9881452267718,1.6847511889572,4.73337199860805,1.9658972276998,15.3210068437536,2.09186869272706,4.84108108108108,11.845326528245,3.76312724741909,2.73633221204037,7.17997448091869,7.6253520473263,2.22239647372695,115.689697250899
103,3.67315107123695,1.74291977057104,0.69230065343166,1.47654758488165,7.9029876509319,0,1.02473557022415,0.558582165599797,5.67323009861785,0.446471427442466,1.41251876900297,3.19003173573244,0.949330970830578,0.722988233238916,2.51067909476215,1.64376536354675,0.814872121219684,34.4351122812709
104,5.55255015316652,3.3221309427222,1.05870303587459,2.16011377203022,8.27713114324232,0.363928590158473,1.80134317630037,1.20075765755483,8.73368151852343,0.597253799856242,1.75215713373458,3.61260130122132,1.08835533398939,0.795929133105255,3.03473933927079,1.84194078795152,0.52624499856551,45.7195618172676
105,0.311452235122281,0.0469498491441872,0.0184609554683098,0.0970087597511175,0.308552349002986,0,0.03964874304336,0.0348400087741996,0.137417035870452,0.0140945433147298,0.0707492089428534,0.0855422074467736,0.0260805860324724,0.0174298556591617,0.245205385887462,0.117447522273726,0.104789951177096,1.67566919691117
106,4.31554083419067,1.15933203852982,0.519047607355335,2.08514765425309,3.64488826795067,0.233118651309086,0.703864030898497,0.704340374543606,1.96777068718709,0.356025133265729,0.933437114045017,1.19217028548699,0.361230538047335,0.33644593622397,2.99399168608463,0.626583412928556,0.802491719232252,22.9354259715323
107,4.18152598264034,0.638112926253016,0.510399373333839,2.55319966139812,2.09841690987884,0,1.17666679301065,1.23142427573311,2.76804507953354,0.266646451629206,2.5960302720186,1.6699490833744,1.14986670709674,1.455159256592,11.2539539349834,1.10615168858735,1.74253117537808,36.3980795714412
108,9.77129312615222,1.19139320516197,0.798261785620227,5.16890176455096,4.72412957598104,0.338498814853832,1.33367395312088,3.26166973926784,3.4683065578088,0.435417434816961,2.07543850408217,2.36570977087174,0.628369765604425,0.622470371345799,5.73475902027917,0.844708980774295,1.42819067685014,44.1911930471425
109,12.4850715101848,12.0832433710256,3.49891651235176,5.34008904298491,30.3600961349041,2.24840628816831,7.74755919782514,2.32581852566881,31.6114573893858,2.62224498640715,6.72663803632639,13.2234663724834,5.51522792640164,3.78032386430795,11.4935424136165,9.46539537449273,3.15554154682637,163.683038493361
110,1.27613059068458,1.07787223843562,0.445662563972423,0.749399164422639,4.02056328629099,0.198239554108099,0.771926856433899,0.398988660021524,2.05353898499438,0.282120618270853,0.748735590050144,1.45985610023169,0.327262473741347,0.337251805796407,1.07560142301926,0.582825078599726,0.316006146992062,16.1219811360656
111,8.26477780759358,6.20218825471244,2.1290067794379,3.66868345239964,13.1761489349852,0.941506462996623,4.79722949333954,2.86929709532224,11.7793822053679,1.01018181449959,6.21117012389309,5.96437630690247,4.56824752289769,4.79009057815087,15.0532178280483,8.79456632355994,3.04114749201302,103.26121847612
112,2.27619825622496,2.14985154347655,0.46956248527217,1.12201398161967,4.07252218993009,0.165564370434373,1.35055219542848,0.661968423533108,3.93825151205718,0.456551724137931,1.2809834262823,1.83466499096693,0.869619040138245,0.457173827664755,1.75477810069908,0.700340900164952,0.434580158667819,23.9951771266986
113,11.6845836896525,2.56111327062116,1.23838917826324,6.03077042680557,3.05929409935474,0.485345564798259,2.7198243022623,0,2.08864184093913,0.310487444608567,3.52260747881521,1.95235170644484,2.63811707999689,2.09743450206017,10.3078675270155,0.532045401539299,2.3487522350929,53.5776257482702
114,11.6558965782544,2.07824538463483,1.51593479430877,4.42056442728294,39.0815287866583,1.62021622051169,3.47768984312635,1.65507301867096,21.8466084154786,1.04354390692332,6.31808905279812,18.4951904842747,4.63258045057378,3.75719440701904,11.9415850632299,13.6418310474739,2.75816606284338,149.939937944063
115,13.2860320555793,5.0460214922705,1.65761675503281,6.03718487821724,4.1169480163325,1.07881853454405,3.75550003047108,0.9192008450647,2.79864708391736,0.99170170841205,3.34291141040486,2.39946574034575,3.37047758343998,2.80666097873118,12.0345338940013,4.82670079427956,1.87569829565076,70.3441200966949
116,5.14273351855682,1.33039360923061,0.593156420677202,2.07849600017889,1.19596831448489,0,1.29213172856001,0.646346494636159,1.7562183102922,0.399861361895764,2.16806739600745,1.26420509495033,1.88079359134183,2.05127820977958,10.4192282106181,0.713281865800551,3.29137816338053,36.2235382903909
117,7.33559339727279,1.63736673843544,1.19172701768122,3.12722385333072,4.98408299080055,0,1.99410713120637,0.489661381875122,5.25727931101977,0.580220525869381,4.07006198212305,5.2915821752463,2.88591374698245,3.06157238859529,9.87957982645005,3.39492399034384,2.14674235010113,57.3276388073335
118,5.94707331270286,2.114041982235,1.45198154439113,2.68282464211838,2.11514695097688,0,2.18670025420858,0.413350390192087,1.50428339817351,0.451017985339433,2.52305800099316,1.45223147779703,1.80466388889802,2.20020981251706,5.93401100364705,0.572544815361696,1.42182510581062,34.7749645653625
119,4.68146856839422,1.54613186653002,0.904276507100242,2.40186761584469,0.278232517875178,0.114609378834778,1.27597906294948,0.538755706149478,1.4551696338396,0.289602425104232,2.46281650629703,1.08623964563492,1.88632472657337,1.58935952794953,7.38677169898602,0.439868451779783,1.81047774731854,30.1479515871611
120,9.75635991158553,1.91267238126045,1.61772171006523,4.33281794166801,0.750535338832282,0.895647204701062,1.69114453609359,0.548626880155264,3.57587363200173,0.489255485470915,2.75112189336352,1.59640304059518,1.72933527413877,2.16108685104318,9.86439808075907,0.377689363307995,2.54240336406275,46.5930928891045
121,3.79000330473103,1.10517480634044,0.460133102492324,2.42374855563132,6.96352644984432,1.11181058241434,0.97555505163352,0.64426931003872,3.25206739174684,0.476426123008745,3.03065660439274,3.76536254911627,1.97343832110376,2.56616466228667,3.65645656987494,4.15616285900253,1.13582289737456,41.4867791410331
122,8.04708631871022,1.5620842004311,0.462497148470416,2.09693338361337,26.5806924677719,1.36537754251689,2.13942001052156,1.02169024707049,13.6845300446468,0.651368501422273,4.85502125262457,11.7526781100295,3.33463688971447,4.01978612364232,10.2740680735764,16.4814592382575,2.8471766365452,111.176506189565
123,10.8197362346914,2.8558614010156,1.5369262380405,5.744752301384,4.4670564913964,3.91418123229269,3.73835277931153,1.5514088905383,2.61898856775618,0.885406012111118,5.19810458285435,2.36528870262589,3.97643853471763,3.17954868434154,18.8707604297727,0.729789911022204,3.22766729726549,75.6802682911375
124,0,0,0,0,0,0,0,0,0,0,0,0,0,0,0,0,0,0
125,6.74450666783751,3.71019155314113,1.06394019103424,3.44905820038239,0.691163967732536,1.01305626848574,2.77745269048541,0.439761945627487,2.3941148999525,0.475693626736811,3.45051909743704,1.91795027361883,2.91419425141,2.43798970985627,11.1643509186488,0.647345039136873,2.09360119107017,47.3848904925937
126,0.162351756489021,0.182716069035025,0.064584956491261,0.0608294001692653,0.249266059940919,0.0714605134499914,0.405972395776679,0.0321492129102702,0.116454967076977,0.0567840705455019,0.164795521160084,0.0803190866864349,0.155737083937273,0.152000688616921,0.425495982527525,0.0365232274083684,0.0935074567248778,2.5109484489464
127,35.5625077318525,14.5922392819343,5.149235062061,16.6803205454221,11.9087297769103,3.95433739742409,12.4079394097676,6.21198334043518,9.69413478852524,3.32580995450234,12.1966983271708,6.93524487635909,9.62238319748182,7.72077359761378,22.5640609751069,2.585641434482,4.82066225893802,185.932701955987
128,8.83238060114328,4.01154626306756,1.71439594887871,3.63204584462191,2.04769996737542,1.27149604958936,2.79729357863232,0.818320827245776,2.47298826933715,1.23954666023632,3.99827515283905,2.62789543114087,3.28523241464418,2.25531709669641,9.38809912197336,1.15999375877672,2.23751826267039,53.7900452488688
129,5.56128813694426,2.81348850494543,0.834472542728656,1.14432421301555,22.6908059491308,1.36787495931395,2.2641105863441,0.776954092850548,10.6738539819188,1.29318533575125,7.04137688235255,9.43767561427632,3.50064765548714,6.13880419547903,9.52825438579011,9.83724915804787,2.18158267073195,97.0859488651083
130,9.32146980914216,3.04975083077372,1.36390781870643,4.3286166013871,0.495863111634354,0.764020014036994,2.57107926373701,1.00037482296533,4.29555168154638,0.87787060306248,3.80699384435036,2.02557852289565,3.36309276742612,3.45307543500846,9.40519368788064,0.696823564038126,2.87545563630601,53.6947180148973
131,10.5980021440633,3.00553766241046,1.27670328079055,5.37423714087524,18.3239030360217,2.23735107752027,2.76990557246257,2.04749170284871,20.6357498032273,1.79129248713679,7.7702629163465,12.7936210613347,4.68537622705584,5.86880574739758,13.2540154475323,10.1492903337312,3.45935972384091,126.040905364596
132,12.8627406056996,3.20648313919046,0.983160464895543,4.79978791022842,17.7581391086338,1.14555315172601,2.83588899326091,1.81338063895317,21.0103917442093,1.09509673322838,8.67843852178666,12.2929849998854,5.02715600053677,4.64515875639461,15.1400676199796,7.20127253862947,4.10036297462451,124.596063901863
133,0,0,0,0,0,0,0,0,0,0,0,0,0,0,0,0,0,0
134,10.8519270340143,2.21869246597596,1.03221488810457,4.89715172737446,17.3213907856701,1.49110973499985,1.77177719215913,1.24142699652609,14.3207215512908,0.807996378914396,6.48795239272117,10.9599597903991,4.33161813097555,4.06657910155979,9.0726855181568,9.32020226984308,2.30475434099852,102.498160299684
135,8.71326044271044,3.07488255012118,1.55613103274967,1.53896610032328,4.4579416562669,3.03780970351093,2.24899800239372,1.01067803612728,17.664299922055,0.973400743671762,6.95345023660347,13.5700248316516,3.66497288962906,4.12437974112045,13.6566246842802,12.1609414731175,2.2491342996239,100.655896345956
136,3.03517060367454,0.838122834645669,0.440839895013123,1.36096587926509,13.8128293963255,0.663937007874016,1.31098162729659,0.472967979002625,9.3750845144357,0.41654593175853,2.46440524934383,5.47812073490814,1.45069396325459,1.80020787401575,7.56017637795276,5.9382782152231,1.31846299212598,57.7377910761155
137,8.69272729209044,1.8089990308736,1.30135997188468,4.34700689038222,15.0052460622584,2.67170896388673,2.45311664660966,1.62213442102685,17.2226924674384,0.822756365882491,9.17964621561465,13.6063983641998,5.43075432113228,5.22398321600869,9.3362911213112,7.5881958274316,3.1105208788166,109.423538056848
138,5.24205174673022,1.72678464364099,0.917412500712148,2.32032837497253,13.3343543053095,1.35741163256946,2.01050452655025,1.06804610922863,14.0054991413526,0.835080018339514,7.01272371630182,11.63627262936,4.74699066475314,3.84812928815012,9.59547263587111,6.78542768235744,2.2275944579941,88.6700840741936
139,6.74406135911707,1.43111513251339,1.18299788525677,3.40140772459941,11.2381242964007,1.69737077445895,1.87165507590981,1.18124296400728,18.2410723115932,0.821555651414563,7.32152303597168,11.8708933475018,3.8453691331657,3.82622912874683,10.2466947931024,5.73387902827022,3.26196513303944,93.9171567750692
140,6.85399346275939,2.24882207213572,0.807117491357466,1.84098491913226,17.7701038987952,1.71864620717589,3.22366970921525,0.776861559329697,12.9243884288957,1.06595454074472,8.47566997296559,6.87918162036906,5.12685449458841,5.80366424581532,7.73360838726086,6.53751942803855,1.97398668060776,91.7610271191869
141,5.21040510304103,1.24839487193238,0.465393289894322,2.57247432539931,14.7073408353518,0.30758871777454,1.91242480850189,1.11797058183844,15.5773425931719,0.543377934293282,2.75572259811764,7.93771954129834,2.55442538649696,2.43072550298978,10.2452576100202,7.58028023822931,3.77452829345465,80.9413722318058
142,7.32147103178086,1.993680531729,1.36214861921214,2.9872094600525,12.8551123594011,1.96467374681167,2.03512943473207,1.60076706003761,17.9897920373636,1.00474226091212,5.2937249488671,9.81512363656674,3.07464472938792,3.36487748051098,9.91256473066458,6.25757684563848,2.95429290309883,91.7875318167674
143,3.8365116074358,2.05446012019558,1.39117578803326,2.08825412322047,14.9576074518057,2.8724182357978,2.48387122588286,0.638521002216656,9.17135472099742,1.01558461304546,8.92780663076271,7.01301985387675,5.17974520458056,4.49040515992734,8.39741763562014,7.02987284236134,2.4457439402063,83.9937701559662
144,3.04845709097221,0.97099476880759,0.39450154737706,1.53223299913823,7.91497591884821,0.923076923076923,1.17544164185283,0.388246302575127,6.1214441911989,0.464782150058084,4.04729540265185,5.60621539201075,2.80661843931129,2.76929034299079,7.10157634223276,3.97924778883773,1.67487312329817,50.9192703652385
145,6.23886836596478,0.684924886097771,0.497161679596109,3.03067664080778,11.9123445388499,0,1.43522349464352,1.12865718507573,14.4611439477897,0.43872675778845,2.53565139761113,7.15004309814062,1.63252062553873,1.34666912941756,8.41463181874153,6.64676148257604,2.07441509666297,69.6284201453023
146,5.74891885431154,1.69386735048679,1.20899795723227,3.23137061022253,2.76124608831711,0,3.05389429763561,0.737531510778859,2.10821779381085,0.742676460361613,3.45409205493741,1.63866915855355,3.1478779120306,2.43852138386648,7.37473378824757,0.507002998956885,2.12007236613352,41.9676905858832
147,5.14329258191697,2.16883308116784,0.946474652766274,2.46367528446845,12.6899947358152,0.981059978575136,1.38309644501872,0.681030896715222,10.8746277337869,0.561246765103241,5.00714898379146,6.79820870467923,2.69310170920349,2.92426200178909,5.11416286577801,5.84903569706273,1.23827614514425,67.5175282627822
148,13.6867666505167,4.40000582854603,1.79596446044057,6.27664465176259,2.33680253250325,0.775743048548146,3.27736229149287,0,3.57480756690989,0.683171166182776,3.73340230446139,2.17848465088831,2.85401313608562,1.87223827096182,6.04549180178572,0.502486239167101,1.51311240715308,55.5064970074059
149,8.18399625891741,1.60325288458031,0.892334428904506,3.28556598798741,15.9773014456896,0,2.21465456342428,0.638086741377766,14.8350175943645,0.713485475114173,2.90692730426477,8.65086877356832,2.73258887558579,3.52130062318211,19.8698050192858,14.476072659253,9.44610751632578,109.947366151826
150,3.62025663203349,0.951833501933692,0.533258847204937,1.60406021297568,16.0242568822379,0.201584915264839,1.12276406806422,1.27134232487312,16.1500190888678,0.672230118998061,2.2169228745031,6.92712366350963,1.53714779960356,1.57655714473676,5.55367638653124,6.29280382036189,1.57000222164225,67.8258405033422
151,8.21909291107779,2.10995063024813,1.05658823662729,2.07769975485104,38.0214703649282,1.71884549571839,2.61399804334113,2.77394546285559,26.6442242678583,1.00999104771906,5.40723812689575,16.4231898072427,4.28950241182759,2.86435216837843,7.82169473855185,16.4419631558868,2.08151486191957,141.575261485928
152,11.8760510796456,1.75884915934556,1.40109910807338,3.73390367527342,36.8302493292762,1.01180725009522,2.81441982914855,1.58837439990625,21.6128427388132,1.42966922120701,7.54127096404251,15.3232407364777,4.93904679789554,4.45697950368532,11.285713687788,16.5483067624863,2.53612700432361,146.687951247483
153,4.41001894464121,1.32701445932893,0.511319610324455,1.37627052648131,12.6625532584034,0,1.29374078039941,0.893255557968356,17.4435487131871,0.602799014579137,2.15786801650355,9.07986551551139,1.54334878357432,1.11982747646896,8.37547230563023,4.01909140602185,1.11464877533752,67.9306431443612
154,1.18674966362629,0.198172431480119,0.0829105431784899,0.350703039628911,4.25626472796473,0.0637084364755469,0.316821287066152,0.292687867502212,3.48205604246114,0.121533120730284,0.496344491276585,2.0581006593668,0.410404726329327,3.05304111564565,5.92777164499751,1.27225734632739,0.391477665529315,23.9610048095865
155,0.171996163381906,0.118604991154548,0.0536185889359882,0.0593946711203068,1.54140929605462,0.0263414280333781,0.414542505202818,0.0617372143266482,1.61936260611993,0.0572361012314124,0.220050220560208,0.886307511966765,0.197263595231502,0.176689560704206,0.570291973587929,0.682409922017224,0.199508296365526,7.05676464599492
156,4.08857369893433,0.799507258681935,0.849438137016919,3.51261425031114,7.37379762772994,0.851321294189789,1.2700752174339,0.841455582526914,6.86276174614751,0.337662054927232,3.5417469457658,4.85716307270293,1.99534109092492,2.26045261083958,7.99500727500989,2.92299374820846,2.20408126240471,52.5639928737559
157,2.21021223977999,0.627394393514479,0.185218949351698,1.14609263881207,16.0410462802895,0.263332489430387,0.825836903622299,1.12852279678853,12.0465008632801,0.280391643405007,1.0174188087495,6.15509052760595,0.983154900377801,0.516368638538259,2.76494550306576,1.729059345211,0.859368463600438,48.7799553854228
158,4.09723186784375,1.26158458604106,0.552969973041183,1.52282693319937,27.7853982079492,0.683825310066426,1.44401192032038,1.56855084849225,16.6421842446027,0.613740390792773,1.99131793992207,6.61067825342089,1.55514949434705,1.18799321926705,3.80619272252032,7.05745010016992,1.15145171329588,79.5325577252922
159,12.8092506700477,0.840484253211147,0.786518801457253,5.98031103050924,19.3388349462624,0.487159158388034,4.42994537974717,0.752325774232722,6.33859849031975,0.389328454423385,1.76844650585523,4.75826392120988,0.910794053293532,0.893399027427819,5.806431387654,7.26777405083268,1.14668934931818,74.7045552541901
160,7.49757076189632,2.09825291400713,1.35334568525607,2.29887658224056,37.3810392393261,0.489869585747191,2.43214791627218,2.28881447907404,29.2108895062187,0.886351924335285,3.40160926538018,14.5404341708832,2.56523229364659,1.62706940646055,7.98075305182774,13.8238724476222,1.99557056535214,131.871699795546
