ID;population;Gen;Treat;H_E;GLVs;Monoterpenes;Aromatic compounds ;Long-chain alkanes;Alcohols and esters;GLVsg;Monoterpenesg;Aromatic compoundsg;Long-chain alkanesg;Alcohols and estersg
B3o1;B;3;c;4;2.400460256;2.720734431;0.367837104;0.959733744;1.399699349;2.401460256;2.721734431;0.368837104;0.960733744;1.400699349
B3o2;B;3;c;3;0.638065295;0.291412539;0.19949433;0.163631237;0.385963428;0.639065295;0.292412539;0.20049433;0.164631237;0.386963428
B3o3;B;3;c;3;1.138099128;0.35017045;0.330984212;0.43480952;0.675276098;1.139099128;0.35117045;0.331984212;0.43580952;0.676276098
B14o1;B;14;c;3;5.842291845;0.266022701;0;1.31905854;1.359912151;5.843291845;0.267022701;0.001;1.32005854;1.360912151
B14o2;B;14;c;3;2.340734284;0.219934226;0.269377853;0.943162363;0.637989531;2.341734284;0.220934226;0.270377853;0.944162363;0.638989531
B14o3;B;14;c;3;2.973536656;0.286272408;0.206675195;0.902331944;1.093350127;2.974536656;0.287272408;0.207675195;0.903331944;1.094350127
B24o1;B;24;c;4;7.93714326;1.544455993;2.845262843;2.834683955;5.074334085;7.93814326;1.545455993;2.846262843;2.835683955;5.075334085
B24o2;B;24;c;4;9.006857186;1.812922866;1.616355265;2.919053236;5.758415465;9.007857186;1.813922866;1.617355265;2.920053236;5.759415465
B24o3;B;24;c;3;11.10521127;1.977745068;1.686499845;4.731239281;7.762352973;11.10621127;1.978745068;1.687499845;4.732239281;7.763352973
B28o1;B;28;c;4;17.45206542;29.63223777;1.428923166;12.44761698;4.623361576;17.45306542;29.63323777;1.429923166;12.44861698;4.624361576
B28o2;B;28;c;3;1.791627675;3.86220792;0.366303248;2.899879921;1.56269277;1.792627675;3.86320792;0.367303248;2.900879921;1.56369277
B28o3;B;28;c;3;8.319848458;1.281582041;2.37612132;2.4305108;2.293219822;8.320848458;1.282582041;2.37712132;2.4315108;2.294219822
B30o1;B;30;c;3;1.750015935;5.343734608;0.48880197;1.201776039;1.135170216;1.751015935;5.344734608;0.48980197;1.202776039;1.136170216
B30o2;B;30;c;4;0.116365522;0.179066675;0.031731927;0.038569317;0.039000785;0.117365522;0.180066675;0.032731927;0.039569317;0.040000785
B30o3;B;30;c;4;4.374242482;1.027789522;0.361844606;0.969848774;0.417081993;4.375242482;1.028789522;0.362844606;0.970848774;0.418081993
B37o1;B;37;c;3;0.453301549;0.302736403;0.08682184;0.165146724;0.126803159;0.454301549;0.303736403;0.08782184;0.166146724;0.127803159
B37o2;B;37;c;3;0.757394156;0.215948475;0.140063141;0.157634301;0.141363479;0.758394156;0.216948475;0.141063141;0.158634301;0.142363479
B37o3;B;37;c;3;0.572920219;0.394148069;0.085700231;0.255664809;0.160211602;0.573920219;0.395148069;0.086700231;0.256664809;0.161211602
B53o1;B;53;c;4;17.78125387;1.292820717;3.10599167;4.811191599;6.203969705;17.78225387;1.293820717;3.10699167;4.812191599;6.204969705
B53o2;B;53;c;3;2.048615934;3.52872505;0.784275424;0.777574747;0.72200596;2.049615934;3.52972505;0.785275424;0.778574747;0.72300596
B53o3;B;53;c;3;6.404625335;3.633887025;0.376162887;0.455397027;2.21497269;6.405625335;3.634887025;0.377162887;0.456397027;2.21597269
B56o2;B;56;c;3;1.895001652;2.07808143;0.322134655;0.986719161;0.487777526;1.896001652;2.07908143;0.323134655;0.987719161;0.488777526
B56o3;B;56;c;3;3.372253334;0.32367252;0.219880973;1.457097126;1.388726345;3.373253334;0.32467252;0.220880973;1.458097126;1.389726345
B57o1;B;57;c;4;9.582411013;5.419655667;3.160244586;7.632335861;10.00003416;9.583411013;5.420655667;3.161244586;7.633335861;10.00103416
B57o2;B;57;c;4;2.657719487;3.438993644;0.19444103;2.62666317;1.490177359;2.658719487;3.439993644;0.19544103;2.62766317;1.491177359
B57o3;B;57;c;4;5.945987235;3.966774911;2.370634908;5.007054533;4.954073553;5.946987235;3.967774911;2.371634908;5.008054533;4.955073553
B60o1;B;60;c;3;10.97427927;3.325106269;1.92483455;3.506654041;6.818925679;10.97527927;3.326106269;1.92583455;3.507654041;6.819925679
B60o3;B;60;c;3;0.129964551;0.098852134;0.014609545;0.086037874;0.047978015;0.130964551;0.099852134;0.015609545;0.087037874;0.048978015
B61o1;B;61;c;3;14.29879875;11.36493026;2.270811272;4.643347566;3.742795332;14.29979875;11.36593026;2.271811272;4.644347566;3.743795332
B61o2;B;61;c;3;18.79792751;55.0397606;1.396943029;8.304870628;5.704283937;18.79892751;55.0407606;1.397943029;8.305870628;5.705283937
B61o3;B;61;c;3;1.398990284;0.746552396;0.181223688;1.467107994;0.901321864;1.399990284;0.747552396;0.182223688;1.468107994;0.902321864
B3h1;B;3;h;3;0.855872108;0.546651653;0.268275577;0.323135427;0.443333567;0.856872108;0.547651653;0.269275577;0.324135427;0.444333567
B3h2;B;3;h;3;4.132388904;4.397283162;1.434648548;2.284123761;2.398614747;4.133388904;4.398283162;1.435648548;2.285123761;2.399614747
B3h3;B;3;h;3;6.242535755;4.732697687;1.162909263;2.757613963;3.873779599;6.243535755;4.733697687;1.163909263;2.758613963;3.874779599
B14h1;B;14;h;3;5.827948289;6.820915524;0.827536509;2.316290225;1.738844922;5.828948289;6.821915524;0.828536509;2.317290225;1.739844922
B14h2;B;14;h;4;4.878179956;0.188844682;0.27431344;0.864667637;0.845572268;4.879179956;0.189844682;0.27531344;0.865667637;0.846572268
B14h3;B;14;h;3;3.667796699;1.697461995;0.244830691;1.442956873;0.997053566;3.668796699;1.698461995;0.245830691;1.443956873;0.998053566
B24h1;B;24;h;3;12.35177839;2.154705826;3.41974826;6.304510346;8.74454086;12.35277839;2.155705826;3.42074826;6.305510346;8.74554086
B24h2;B;24;h;3;6.412605603;0.94996267;2.273881096;2.905057173;4.258320563;6.413605603;0.95096267;2.274881096;2.906057173;4.259320563
B24h3;B;24;h;3;9.004391385;1.960823256;1.289294436;3.766859387;6.232743402;9.005391385;1.961823256;1.290294436;3.767859387;6.233743402
B28h1;B;28;h;3;10.04007673;16.69570016;2.03161871;7.181159805;2.764733658;10.04107673;16.69670016;2.03261871;7.182159805;2.765733658
B28h2;B;28;h;3;4.900451665;7.387254621;0.787759907;3.317110642;0.991807183;4.901451665;7.388254621;0.788759907;3.318110642;0.992807183
B28h3;B;28;h;3;10.99046653;3.538814836;2.728151261;4.435786728;4.614256737;10.99146653;3.539814836;2.729151261;4.436786728;4.615256737
B30h1;B;30;h;3;1.021509384;1.245807265;0.161861622;0.362321153;0.309835929;1.022509384;1.246807265;0.162861622;0.363321153;0.310835929
B30h2;B;30;h;3;2.097294049;2.596312163;0.296700724;0.753543175;0.794520309;2.098294049;2.597312163;0.297700724;0.754543175;0.795520309
B30h3;B;30;h;2;3.487007464;0.872626112;0.32308628;1.184527741;0.414121929;3.488007464;0.873626112;0.32408628;1.185527741;0.415121929
B37h1;B;37;h;4;0.817749556;0.364415806;0.119782148;0.238295608;0.24048404;0.818749556;0.365415806;0.120782148;0.239295608;0.24148404
B37h2;B;37;h;4;3.014839502;2.149373125;1.326393303;1.011836034;0.630191438;3.015839502;2.150373125;1.327393303;1.012836034;0.631191438
B37h3;B;37;h;4;10.06610174;8.676898059;2.701582986;9.679959854;4.655363858;10.06710174;8.677898059;2.702582986;9.680959854;4.656363858
B53h1;B;53;h;3;0.081175878;0.018261614;0.016074606;0.077868542;0.202986198;0.082175878;0.019261614;0.017074606;0.078868542;0.203986198
B53h2;B;53;h;3;1.10510612;0.864529673;0.564261398;0.49157745;0.412918452;1.10610612;0.865529673;0.565261398;0.49257745;0.413918452
B53h3;B;53;h;4;3.748785381;6.911936224;1.14440724;1.282616147;1.216073958;3.749785381;6.912936224;1.14540724;1.283616147;1.217073958
B56h1;B;56;h;3;5.409868117;0.364894956;0.775704445;1.988219267;1.86917639;5.410868117;0.365894956;0.776704445;1.989219267;1.87017639
B56h2;B;56;h;4;4.023543159;8.240729619;0.510845124;1.667318445;1.069710005;4.024543159;8.241729619;0.511845124;1.668318445;1.070710005
B56h3;B;56;h;4;4.416190301;0.579996879;0.409160414;1.642616207;1.398646789;4.417190301;0.580996879;0.410160414;1.643616207;1.399646789
B57h1;B;57;h;4;10.623614;1.976271317;2.457590537;3.832288533;5.267271427;10.624614;1.977271317;2.458590537;3.833288533;5.268271427
B57h2;B;57;h;4;9.952159993;1.381971006;1.500977747;2.315179276;4.044618413;9.953159993;1.382971006;1.501977747;2.316179276;4.045618413
B57h3;B;57;h;3;17.63794092;6.094356575;5.055009062;5.968305114;8.168930956;17.63894092;6.095356575;5.056009062;5.969305114;8.169930956
B60h1;B;60;h;3;15.05973989;3.332667838;2.452864675;8.432042179;11.21202109;15.06073989;3.333667838;2.453864675;8.433042179;11.21302109
B60h2;B;60;h;4;5.191612963;3.604980351;1.587451863;5.22292416;6.35021927;5.192612963;3.605980351;1.588451863;5.22392416;6.35121927
B60h3;B;60;h;3;3.270319452;0.667265809;0.165548846;1.955846709;0.868203639;3.271319452;0.668265809;0.166548846;1.956846709;0.869203639
B61h1;B;61;h;3;7.516793346;8.999404107;0.842913458;2.373362336;1.957791612;7.517793346;9.000404107;0.843913458;2.374362336;1.958791612
B61h2;B;61;h;3;7.04411582;9.25918044;0.98116793;4.79885361;1.535064827;7.04511582;9.26018044;0.98216793;4.79985361;1.536064827
B61h3;B;61;h;3;11.87312482;4.470621116;1.869133973;7.927462756;4.120167434;11.87412482;4.471621116;1.870133973;7.928462756;4.121167434
C1o1;C;1;c;4;10.67306658;4.27306092;2.294930702;4.558773858;4.500948194;10.67406658;4.27406092;2.295930702;4.559773858;4.501948194
C1o2;C;1;c;3;10.97625379;4.856731881;2.117663342;7.454262355;4.420570818;10.97725379;4.857731881;2.118663342;7.455262355;4.421570818
C1o3;C;1;c;3;2.499461861;0;0.868137163;1.796977661;1.268490708;2.500461861;0.001;0.869137163;1.797977661;1.269490708
C5o1;C;5;c;3;2.582312771;1.326420887;0.336225997;0.617537313;0.399917877;2.583312771;1.327420887;0.337225997;0.618537313;0.400917877
C5o2;C;5;c;3;2.458733483;0.92000034;0.093017918;0.09217346;0;2.459733483;0.92100034;0.094017918;0.09317346;0.001
C5o3;C;5;c;3;2.562526657;2.999437598;0.781119897;1.186725046;0.931118954;2.563526657;3.000437598;0.782119897;1.187725046;0.932118954
C8o1;C;8;c;4;10.88957384;9.247031627;1.503859555;5.241563924;2.620537389;10.89057384;9.248031627;1.504859555;5.242563924;2.621537389
C8o2;C;8;c;3;8.035386852;9.229903328;0.85231699;4.833345992;2.488086842;8.036386852;9.230903328;0.85331699;4.834345992;2.489086842
C8o3;C;8;c;3;1.518497603;0;0;0.694764942;0.42307728;1.519497603;0.001;0.001;0.695764942;0.42407728
C13o1;C;13;c;3;2.090762991;0.553075844;0.615712138;0.574933354;0.588333397;2.091762991;0.554075844;0.616712138;0.575933354;0.589333397
C13o2;C;13;c;3;2.157770417;0.313291706;0.352170187;0.180615269;0.351932015;2.158770417;0.314291706;0.353170187;0.181615269;0.352932015
C13o3;C;13;c;3;2.571366759;0.356640933;0.323173247;0.940396796;0.646065864;2.572366759;0.357640933;0.324173247;0.941396796;0.647065864
C15o1;C;15;c;4;2.780644068;4.918624579;0.388477046;1.750323828;1.132055293;2.781644068;4.919624579;0.389477046;1.751323828;1.133055293
C15o2;C;15;c;3;2.605202552;3.790140119;0.558985291;1.277212693;0.956212404;2.606202552;3.791140119;0.559985291;1.278212693;0.957212404
C15o3;C;15;c;4;1.918255804;3.514936421;0.319260501;2.589872602;1.241935613;1.919255804;3.515936421;0.320260501;2.590872602;1.242935613
C19o2;C;19;c;4;4.356630221;6.080470737;0.505339018;1.832486445;1.124499001;4.357630221;6.081470737;0.506339018;1.833486445;1.125499001
C19o3;C;19;c;4;4.660734905;0.348411782;0.500187411;1.681546384;1.285539632;4.661734905;0.349411782;0.501187411;1.682546384;1.286539632
C26o1;C;26;c;3;5.217593626;1.757289431;0.989277325;4.097238394;1.808237351;5.218593626;1.758289431;0.990277325;4.098238394;1.809237351
C26o2;C;26;c;3;8.841304313;2.669860979;0.951883487;5.884383124;3.62574072;8.842304313;2.670860979;0.952883487;5.885383124;3.62674072
C26o3;C;26;c;4;2.449834311;0;0.573263161;1.873873265;1.066587284;2.450834311;0.001;0.574263161;1.874873265;1.067587284
C30o1;C;30;c;3;9.216340825;35.07498781;1.341623443;12.30383769;4.034032303;9.217340825;35.07598781;1.342623443;12.30483769;4.035032303
C30o2;C;30;c;4;8.167840524;9.807461893;0.796571059;3.35129106;2.215481756;8.168840524;9.808461893;0.797571059;3.35229106;2.216481756
C30o3;C;30;c;3;6.773241696;0.867902042;0.864550758;2.644244124;2.089660302;6.774241696;0.868902042;0.865550758;2.645244124;2.090660302
C34o1;C;34;c;3;4.346363646;3.794097914;0.811067211;2.715377161;1.226558323;4.347363646;3.795097914;0.812067211;2.716377161;1.227558323
C34o2;C;34;c;3;3.37203068;2.866939514;0.590621482;1.922684567;0.935827538;3.37303068;2.867939514;0.591621482;1.923684567;0.936827538
C34o3;C;34;c;4;4.091998129;7.23803633;0.319043371;1.366294438;1.107327282;4.092998129;7.23903633;0.320043371;1.367294438;1.108327282
C43o2;C;43;c;4;3.119434183;3.323380741;0.564328593;0.816260313;0.717611747;3.120434183;3.324380741;0.565328593;0.817260313;0.718611747
C43o3;C;43;c;4;2.874459427;0.253501499;0.368765755;1.573938956;1.526947149;2.875459427;0.254501499;0.369765755;1.574938956;1.527947149
C45o1;C;45;c;3;1.962819302;0;0;0.381961346;0.265646887;1.963819302;0.001;0.001;0.382961346;0.266646887
C45o2;C;45;c;3;3.858796413;0;0.3985823;3.307379554;1.752609117;3.859796413;0.001;0.3995823;3.308379554;1.753609117
C45o3;C;45;c;3;6.292767733;0.66824886;0.658310962;6.203617751;4.120362584;6.293767733;0.66924886;0.659310962;6.204617751;4.121362584
C50o1;C;50;c;3;23.09339814;33.04217411;4.764100751;11.11289439;9.878073354;23.09439814;33.04317411;4.765100751;11.11389439;9.879073354
C50o2;C;50;c;4;10.46510372;13.55845665;2.054441065;5.731362565;2.875581832;10.46610372;13.55945665;2.055441065;5.732362565;2.876581832
C50o3;C;50;c;4;2.005477017;0;0.279399984;0.454276654;0.303611908;2.006477017;0.001;0.280399984;0.455276654;0.304611908
C55o1;C;55;c;3;7.119775813;4.837669735;0.999749385;5.924245876;1.947530302;7.120775813;4.838669735;1.000749385;5.925245876;1.948530302
C55o2;C;55;c;3;19.98525783;20.69278982;2.897678339;11.06379588;5.049007739;19.98625783;20.69378982;2.898678339;11.06479588;5.050007739
C55o3;C;55;c;3;2.486267988;0;0;1.695505271;0.880832876;2.487267988;0.001;0.001;1.696505271;0.881832876
C61o1;C;61;c;4;4.590632177;3.812676024;0.982948614;1.881563624;2.366685999;4.591632177;3.813676024;0.983948614;1.882563624;2.367685999
C61o2;C;61;c;4;2.776275077;0.920970394;0.600378829;0.544177667;0.900671588;2.777275077;0.921970394;0.601378829;0.545177667;0.901671588
C61o3;C;61;c;4;0.824168494;0.304357448;0.195431076;0.211599454;0.301484678;0.825168494;0.305357448;0.196431076;0.212599454;0.302484678
C64o1;C;64;c;3;1.201781793;0.469175451;0.36886164;1.398699339;0.570727093;1.202781793;0.470175451;0.36986164;1.399699339;0.571727093
C64o2;C;64;c;4;5.780850322;1.208353564;0.878997846;2.592712338;1.064131198;5.781850322;1.209353564;0.879997846;2.593712338;1.065131198
C64o3;C;64;c;3;5.39190218;3.910658669;2.029888107;8.433867805;4.043626716;5.39290218;3.911658669;2.030888107;8.434867805;4.044626716
C1h1;C;1;h;4;10.56033826;10.25898405;0.710297221;13.38486341;2.925870559;10.56133826;10.25998405;0.711297221;13.38586341;2.926870559
C1h2;C;1;h;3;9.202753197;19.51200166;1.756970138;14.42015301;3.35737743;9.203753197;19.51300166;1.757970138;14.42115301;3.35837743
C1h3;C;1;h;3;3.47928214;0.368128556;0;2.224855551;1.239910611;3.48028214;0.369128556;0.001;2.225855551;1.240910611
C5h1;C;5;h;4;0.090730246;0.221309698;0.003435489;0.020536612;0.0092042;0.091730246;0.222309698;0.004435489;0.021536612;0.0102042
C5h2;C;5;h;3;4.096530626;3.803094357;0.731112549;1.542680897;2.068866093;4.097530626;3.804094357;0.732112549;1.543680897;2.069866093
C5h3;C;5;h;4;1.046170764;0.800488141;0.084437308;0.472102905;0.258797381;1.047170764;0.801488141;0.085437308;0.473102905;0.259797381
C8h1;C;8;h;3;8.178765782;2.703711106;0.998281208;12.29451871;1.827024434;8.179765782;2.704711106;0.999281208;12.29551871;1.828024434
C8h2;C;8;h;4;12.17571867;23.21830571;1.603529455;14.89075978;3.168987144;12.17671867;23.21930571;1.604529455;14.89175978;3.169987144
C8h3;C;8;h;3;5.500923508;0;0;3.860813729;2.284938423;5.501923508;0.001;0.001;3.861813729;2.285938423
C13h1;C;13;h;4;0.155726118;0.058723761;0.017420004;0.013040293;0.019824372;0.156726118;0.059723761;0.018420004;0.014040293;0.020824372
C13h3;C;13;h;4;6.643016028;2.413350397;0.459600423;1.685238792;1.877750015;6.644016028;2.414350397;0.460600423;1.686238792;1.878750015
C15h1;C;15;h;3;5.299001072;5.074645167;1.023745851;2.342688114;1.384952786;5.300001072;5.075645167;1.024745851;2.343688114;1.385952786
C15h2;C;15;h;4;3.660735516;3.128788423;0.80038353;1.537322365;1.017564717;3.661735516;3.129788423;0.80138353;1.538322365;1.018564717
C15h3;C;15;h;4;1.524228545;1.989623894;0.194123151;1.40330922;0.587720821;1.525228545;1.990623894;0.195123151;1.40430922;0.588720821
C19h1;C;19;h;3;5.425963517;4.660101135;0.620713498;2.165809065;0.885888596;5.426963517;4.661101135;0.621713498;2.166809065;0.886888596
C19h2;C;19;h;3;1.517585302;2.969139108;0.23648399;0.725346982;0.655490814;1.518585302;2.970139108;0.23748399;0.726346982;0.656490814
C19h3;C;19;h;2;6.431370303;3.600636269;0.906690319;2.513578;1.417944497;6.432370303;3.601636269;0.907690319;2.514578;1.418944497
C26h1;C;26;h;3;6.44924141;2.188593882;0.542953708;5.398875337;1.455029997;6.45024141;2.189593882;0.543953708;5.399875337;1.456029997
C26h2;C;26;h;4;5.587892039;4.569841247;0.757837122;6.397015056;1.501096868;5.588892039;4.570841247;0.758837122;6.398015056;1.502096868
C26h3;C;26;h;3;1.763677191;0;0.290422583;1.42360321;0.704953612;1.764677191;0.001;0.291422583;1.42460321;0.705953612
C30h1;C;30;h;3;13.82747511;31.41940541;2.825875977;18.95065541;6.22082178;13.82847511;31.42040541;2.826875977;18.95165541;6.22182178
C30h2;C;30;h;3;4.798153568;9.384495837;0.703973221;5.713429049;1.501478919;4.799153568;9.385495837;0.704973221;5.714429049;1.502478919
C30h3;C;30;h;4;5.005540247;0.414344181;0.519091469;2.166038811;1.22242957;5.006540247;0.415344181;0.520091469;2.167038811;1.22342957
C34h1;C;34;h;4;2.621025873;3.392713841;0.534023055;2.373495332;1.005252263;2.622025873;3.393713841;0.535023055;2.374495332;1.006252263
C34h2;C;34;h;4;3.426996731;3.268759714;0.38843078;2.563427247;1.611834855;3.427996731;3.269759714;0.38943078;2.564427247;1.612834855
C34h3;C;34;h;4;4.109546456;8.220981578;1.386972731;2.144751206;1.306999022;4.110546456;8.221981578;1.387972731;2.145751206;1.307999022
C43h2;C;43;h;4;6.843383325;0.25124312;0;1.427006568;1.638681146;6.844383325;0.25224312;0.001;1.428006568;1.639681146
C43h3;C;43;h;4;2.571646291;2.924517849;0.340515448;1.346550855;0.691548223;2.572646291;2.925517849;0.341515448;1.347550855;0.692548223
C45h1;C;45;h;3;0.984995975;0;0.296839943;0.226326071;0;0.985995975;0.001;0.297839943;0.227326071;0.001
C45h2;C;45;h;3;2.735947905;0;0;2.376756931;1.128934252;2.736947905;0.001;0.001;2.377756931;1.129934252
C45h3;C;45;h;3;5.106339928;1.122356844;1.441443467;6.518046374;2.507935543;5.107339928;1.123356844;1.442443467;6.519046374;2.508935543
C50h1;C;50;h;4;10.07895031;21.15375815;1.653754858;7.63777674;3.831374973;10.07995031;21.15475815;1.654754858;7.63877674;3.832374973
C50h2;C;50;h;3;16.00917932;21.92886516;2.495975522;8.766843367;5.099637505;16.01017932;21.92986516;2.496975522;8.767843367;5.100637505
C55h1;C;55;h;2;12.91258923;10.58293984;1.643856828;6.990224355;5.037868926;12.91358923;10.58393984;1.644856828;6.991224355;5.038868926
C55h2;C;55;h;3;7.352532875;10.20253616;1.275439041;12.51783384;2.369268531;7.353532875;10.20353616;1.276439041;12.51883384;2.370268531
C55h3;C;55;h;3;5.409532572;0;1.509159318;5.285438593;2.520207347;5.410532572;0.001;1.510159318;5.286438593;2.521207347
C61h1;C;61;h;4;1.665164233;2.345966774;0.589520076;0.90372282;1.547068843;1.666164233;2.346966774;0.590520076;0.90472282;1.548068843
C61h2;C;61;h;4;1.836575536;0.821882682;0.279291083;0.474665485;0.512367785;1.837575536;0.822882682;0.280291083;0.475665485;0.513367785
C61h3;C;61;h;4;3.198460175;2.267648492;0.994704853;1.373942768;1.48291257;3.199460175;2.268648492;0.995704853;1.374942768;1.48391257
C64h1;C;64;h;4;10.48390382;5.830856081;2.15124339;5.758968129;3.874732028;10.48490382;5.831856081;2.15224339;5.759968129;3.875732028
C64h2;C;64;h;4;1.164267989;0.3793008;0.28271102;0.880970488;0.41876217;1.165267989;0.3803008;0.28371102;0.881970488;0.41976217
C64h3;C;64;h;3;1.305668879;0.466513587;0.308147752;0.815948109;0.492808545;1.306668879;0.467513587;0.309147752;0.816948109;0.493808545
B3o1;B;3;c;4;0.819250351;2.116780803;;0.948245891;0;0.820250351;2.117780803;;0.949245891;0.001
B3o2;B;3;c;3;0.374699582;0.538936119;;0.168625903;0.099119777;0.375699582;0.539936119;;0.169625903;0.100119777
B3o3;B;3;c;3;0.561006991;1.074925772;;0.228586914;0.082782185;0.562006991;1.075925772;;0.229586914;0.083782185
B14o1;B;14;c;3;3.015385213;1.280556635;;1.048717251;0.242672782;3.016385213;1.281556635;;1.049717251;0.243672782
B14o2;B;14;c;3;1.200933808;0.773065933;;0.794679764;0.057304689;1.201933808;0.774065933;;0.795679764;0.058304689
B14o3;B;14;c;3;1.341412321;1.057020991;;1.100104906;0;1.342412321;1.058020991;;1.101104906;0.001
B24o1;B;24;c;4;3.950778663;12.69023501;;2.39134839;1.739588472;3.951778663;12.69123501;;2.39234839;1.740588472
B24o2;B;24;c;4;2.346154724;10.04004719;;2.339807451;1.659172723;2.347154724;10.04104719;;2.340807451;1.660172723
B24o3;B;24;c;3;4.833911764;16.09273339;;4.67942364;0.635940095;4.834911764;16.09373339;;4.68042364;0.636940095
B28o1;B;28;c;4;9.370989934;5.709154485;;12.01433847;6.007427868;9.371989934;5.710154485;;12.01533847;6.008427868
B28o2;B;28;c;3;9.255497837;2.52122146;;7.362178079;0.341377969;9.256497837;2.52222146;;7.363178079;0.342377969
B28o3;B;28;c;3;5.554476572;1.353466295;;1.647763891;0.870199007;5.555476572;1.354466295;;1.648763891;0.871199007
B30o1;B;30;c;3;0.617018688;1.162097639;;1.019142402;0.498232652;0.618018688;1.163097639;;1.020142402;0.499232652
B30o2;B;30;c;4;0.029567097;0.047947559;;0.02840821;0;0.030567097;0.048947559;;0.02940821;0.001
B30o3;B;30;c;4;1.592253783;0;;0.51754622;0;1.593253783;0.001;;0.51854622;0.001
B37o1;B;37;c;3;0.211753732;0.184419442;;0.137821294;0;0.212753732;0.185419442;;0.138821294;0.001
B37o2;B;37;c;3;0.361454368;0.289010577;;0.120115657;0.055228003;0.362454368;0.290010577;;0.121115657;0.056228003
B37o3;B;37;c;3;0.269488176;0.352703364;;0.252806828;0.217739068;0.270488176;0.353703364;;0.253806828;0.218739068
B53o1;B;53;c;4;8.340160273;7.296119641;;3.860386799;1.977168699;8.341160273;7.297119641;;3.861386799;1.978168699
B53o2;B;53;c;3;0.761413467;0.630792293;;0.59399661;0.341912655;0.762413467;0.631792293;;0.59499661;0.342912655
B53o3;B;53;c;3;2.990155515;0.420242127;;0.446699514;0.243579579;2.991155515;0.421242127;;0.447699514;0.244579579
B56o2;B;56;c;3;1.211874278;0.552587403;;1.283082331;0.555905291;1.212874278;0.553587403;;1.284082331;0.556905291
B56o3;B;56;c;3;1.7245291;1.855095777;;1.218994855;0.506528134;1.7255291;1.856095777;;1.219994855;0.507528134
B57o1;B;57;c;4;2.454942953;22.17074879;;7.351352736;0.073802692;2.455942953;22.17174879;;7.352352736;0.074802692
B57o2;B;57;c;4;1.005699371;3.259812397;;8.737446496;0.335850453;1.006699371;3.260812397;;8.738446496;0.336850453
B57o3;B;57;c;4;2.541759314;11.75600275;;7.034968727;1.816886088;2.542759314;11.75700275;;7.035968727;1.817886088
B60o1;B;60;c;3;3.971973775;17.17685443;;4.162887638;2.129550531;3.972973775;17.17785443;;4.163887638;2.130550531
B60o3;B;60;c;3;0.061549791;0.056194304;;0.064614077;0.082157185;0.062549791;0.057194304;;0.065614077;0.083157185
B61o1;B;61;c;3;8.613686308;11.40759465;;15.48951893;3.975223456;8.614686308;11.40859465;;15.49051893;3.976223456
B61o2;B;61;c;3;5.788591305;17.46425814;;9.049051395;5.089375074;5.789591305;17.46525814;;9.050051395;5.090375074
B61o3;B;61;c;3;0.944726098;0.82042176;;1.236641593;1.215837378;0.945726098;0.82142176;;1.237641593;1.216837378
B3h1;B;3;h;3;0.329492884;0.519668503;;0.229743806;0;0.330492884;0.520668503;;0.230743806;0.001
B3h2;B;3;h;3;1.834341726;3.101094127;;2.395045289;0.470753231;1.835341726;3.102094127;;2.396045289;0.471753231
B3h3;B;3;h;3;2.670044521;6.041621686;;1.890161932;1.124203144;2.671044521;6.042621686;;1.891161932;1.125203144
B14h1;B;14;h;3;2.210282214;1.039122692;;1.878597204;0.81010811;2.211282214;1.040122692;;1.879597204;0.81110811
B14h2;B;14;h;4;2.166408971;0.956336191;;1.080543426;0.447823602;2.167408971;0.957336191;;1.081543426;0.448823602
B14h3;B;14;h;3;1.563611927;0.818683369;;1.530786194;0;1.564611927;0.819683369;;1.531786194;0.001
B24h1;B;24;h;3;5.002307619;16.44864117;;6.60789549;2.809354439;5.003307619;16.44964117;;6.60889549;2.810354439
B24h2;B;24;h;3;2.002962788;10.41325789;;2.787111478;1.23603285;2.003962788;10.41425789;;2.788111478;1.23703285
B24h3;B;24;h;3;2.897438727;12.41073057;;3.524774178;1.839629858;2.898438727;12.41173057;;3.525774178;1.840629858
B28h1;B;28;h;3;4.293014608;3.125689833;;10.91647632;3.188844622;4.294014608;3.126689833;;10.91747632;3.189844622
B28h2;B;28;h;3;2.344277872;0.963098655;;6.293088355;1.235419405;2.345277872;0.964098655;;6.294088355;1.236419405
B28h3;B;28;h;3;5.194610258;4.894653724;;4.145870762;4.146348884;5.195610258;4.895653724;;4.146870762;4.147348884
B30h1;B;30;h;3;0.400679008;0.432225907;;0.246267989;0.118361255;0.401679008;0.433225907;;0.247267989;0.119361255
B30h2;B;30;h;3;0.899309535;0.951447321;;0.692868923;0.717650183;0.900309535;0.952447321;;0.693868923;0.718650183
B30h3;B;30;h;2;1.686758494;0;;0.479338804;0.14935358;1.687758494;0.001;;0.480338804;0.15035358
B37h1;B;37;h;4;0.426018207;0.275278158;;0.208756094;0.115254507;0.427018207;0.276278158;;0.209756094;0.116254507
B37h2;B;37;h;4;1.409354221;1.09977968;;1.043764346;0.347595414;1.410354221;1.10077968;;1.044764346;0.348595414
B37h3;B;37;h;4;5.262577498;5.859614798;;8.68201799;3.565415693;5.263577498;5.860614798;;8.68301799;3.566415693
B53h1;B;53;h;3;0.0304147;0.091358035;;0.076000344;0.035730257;0.0314147;0.092358035;;0.077000344;0.036730257
B53h2;B;53;h;3;0.573046319;0.313697197;;0.258184319;0.131666245;0.574046319;0.314697197;;0.259184319;0.132666245
B53h3;B;53;h;4;1.149438291;1.049126457;;0.813534703;0.244934793;1.150438291;1.050126457;;0.814534703;0.245934793
B56h1;B;56;h;3;2.872376151;1.427930701;;1.589774342;1.957090616;2.873376151;1.428930701;;1.590774342;1.958090616
B56h2;B;56;h;4;1.048466692;0.7810421;;2.009893062;0.682688771;1.049466692;0.7820421;;2.010893062;0.683688771
B56h3;B;56;h;4;1.816022922;2.005773132;;1.127658548;0.635748025;1.817022922;2.006773132;;1.128658548;0.636748025
B57h1;B;57;h;4;3.42320553;10.40888328;;3.430988384;1.190209583;3.42420553;10.40988328;;3.431988384;1.191209583
B57h2;B;57;h;4;5.795872913;10.01679074;;2.803781064;0;5.796872913;10.01779074;;2.804781064;0.001
B57h3;B;57;h;3;9.304695367;18.63987731;;6.347915666;3.103542825;9.305695367;18.64087731;;6.348915666;3.104542825
B60h1;B;60;h;3;5.620822496;25.54398594;;7.803950791;4.648112478;5.621822496;25.54498594;;7.804950791;4.649112478
B60h2;B;60;h;4;0.956566502;10.80639367;;4.159583277;0.426081128;0.957566502;10.80739367;;4.160583277;0.427081128
B60h3;B;60;h;3;0.941600996;0.886762183;;1.467687189;1.034515029;0.942600996;0.887762183;;1.468687189;1.035515029
B61h1;B;61;h;3;2.501354302;7.037587092;;3.581754009;1.086721172;2.502354302;7.038587092;;3.582754009;1.087721172
B61h2;B;61;h;3;3.32664347;5.057619817;;8.854945943;1.738323806;3.32764347;5.058619817;;8.855945943;1.739323806
B61h3;B;61;h;3;5.655344097;5.676182305;;8.606348959;3.073538206;5.656344097;5.677182305;;8.607348959;3.074538206
C1o1;C;1;c;4;5.675547924;2.971582493;;3.823711447;6.021850912;5.676547924;2.972582493;;3.824711447;6.022850912
C1o2;C;1;c;3;6.09732781;3.496693128;;6.352040968;4.589423942;6.09832781;3.497693128;;6.353040968;4.590423942
C1o3;C;1;c;3;1.826012139;2.326653526;;1.098585821;0.328399349;1.827012139;2.327653526;;1.099585821;0.329399349
C5o1;C;5;c;3;1.16564243;0.264120682;;0.452470844;0.10909632;1.16664243;0.265120682;;0.453470844;0.11009632
C5o2;C;5;c;3;1.630399361;0;;1.920399899;0;1.631399361;0.001;;1.921399899;0.001
C5o3;C;5;c;3;0.509891105;1.110970615;;1.240730745;0.313144734;0.510891105;1.111970615;;1.241730745;0.314144734
C8o1;C;8;c;4;4.560298847;2.144599303;;5.784153042;4.918641115;4.561298847;2.145599303;;5.785153042;4.919641115
C8o2;C;8;c;3;3.869107164;2.076507861;;7.778874217;4.6171786;3.870107164;2.077507861;;7.779874217;4.6181786
C8o3;C;8;c;3;1.062041972;0.897797378;;0.466585425;0;1.063041972;0.898797378;;0.467585425;0.001
C13o1;C;13;c;3;1.276599831;0.319056463;;0.727579628;0;1.277599831;0.320056463;;0.728579628;0.001
C13o2;C;13;c;3;1.042573827;0.579666019;;0.168222968;0.116559326;1.043573827;0.580666019;;0.169222968;0.117559326
C13o3;C;13;c;3;1.039248;0.665196805;;1.025639105;0;1.040248;0.666196805;;1.026639105;0.001
C15o1;C;15;c;4;0.572162107;1.406744252;;3.069402098;0.68393748;0.573162107;1.407744252;;3.070402098;0.68493748
C15o2;C;15;c;3;1.286237163;0.624197436;;1.215362751;0.153794359;1.287237163;0.625197436;;1.216362751;0.154794359
C15o3;C;15;c;4;1.044127062;1.02723006;;2.24520258;1.436209118;1.045127062;1.02823006;;2.24620258;1.437209118
C19o2;C;19;c;4;0.76948305;1.537441275;;2.062189871;1.518904852;0.77048305;1.538441275;;2.063189871;1.519904852
C19o3;C;19;c;4;2.164308301;1.524875415;;1.726537718;0.382010007;2.165308301;1.525875415;;1.727537718;0.383010007
C26o1;C;26;c;3;3.0372758;1.744603164;;2.996652967;0.4389197;3.0382758;1.745603164;;2.997652967;0.4399197
C26o2;C;26;c;3;5.472284566;2.911864434;;3.985766877;2.736021184;5.473284566;2.912864434;;3.986766877;2.737021184
C26o3;C;26;c;4;1.490237375;1.7310037;;0.993618789;0;1.491237375;1.7320037;;0.994618789;0.001
C30o1;C;30;c;3;4.405432164;14.11749494;;8.804820381;2.068559649;4.406432164;14.11849494;;8.805820381;2.069559649
C30o2;C;30;c;4;4.257976289;7.030375945;;3.415156182;2.964965168;4.258976289;7.031375945;;3.416156182;2.965965168
C30o3;C;30;c;3;4.964273873;1.453552451;;1.682461312;2.774048155;4.965273873;1.454552451;;1.683461312;2.775048155
C34o1;C;34;c;3;2.173503445;0.904499515;;2.611991608;1.335854482;2.174503445;0.905499515;;2.612991608;1.336854482
C34o2;C;34;c;3;1.700703862;0.715557566;;1.913114564;0.848685387;1.701703862;0.716557566;;1.914114564;0.849685387
C34o3;C;34;c;4;1.642782994;0.801626442;;1.760650312;0;1.643782994;0.802626442;;1.761650312;0.001
C43o2;C;43;c;4;1.51533832;0.342462443;;0.673334565;0;1.51633832;0.343462443;;0.674334565;0.001
C43o3;C;43;c;4;1.615685305;0.846933675;;1.219260692;0;1.616685305;0.847933675;;1.220260692;0.001
C45o1;C;45;c;3;1.195585505;0;;0;0;1.196585505;0.001;;0.001;0.001
C45o2;C;45;c;3;2.698581739;4.331449049;;1.832422035;0.58866513;2.699581739;4.332449049;;1.833422035;0.58966513
C45o3;C;45;c;3;3.928008862;5.220129702;;3.69636446;0.706924993;3.929008862;5.221129702;;3.69736446;0.707924993
C50o1;C;50;c;3;9.108228016;31.15349536;;14.9213787;7.671904551;9.109228016;31.15449536;;14.9223787;7.672904551
C50o2;C;50;c;4;4.353562763;11.67093401;;6.136304296;1.435562694;4.354562763;11.67193401;;6.137304296;1.436562694
C50o3;C;50;c;4;1.079531744;0;;0.141735844;0;1.080531744;0.001;;0.142735844;0.001
C55o1;C;55;c;3;4.289250889;1.4834594;;5.40047389;2.00493484;4.290250889;1.4844594;;5.40147389;2.00593484
C55o2;C;55;c;3;12.98369474;3.3110413;;13.37848441;5.217730442;12.98469474;3.3120413;;13.37948441;5.218730442
C55o3;C;55;c;3;1.11180509;1.540611588;;1.147639509;0;1.11280509;1.541611588;;1.148639509;0.001
C61o1;C;61;c;4;1.54639137;3.129391022;;1.368166106;0.842375594;1.54739137;3.130391022;;1.369166106;0.843375594
C61o2;C;61;c;4;1.080056886;1.661065471;;0.397964567;0.181964295;1.081056886;1.662065471;;0.398964567;0.182964295
C61o3;C;61;c;4;0.423069645;0.387275843;;0.150109978;0.094210924;0.424069645;0.388275843;;0.151109978;0.095210924
C64o1;C;64;c;3;0.888381805;0.915830917;;0.892624577;0.369020423;0.889381805;0.916830917;;0.893624577;0.370020423
C64o2;C;64;c;4;2.793491486;1.170270131;;2.25128668;1.337524206;2.794491486;1.171270131;;2.25228668;1.338524206
C64o3;C;64;c;3;5.092675049;4.802422425;;3.981116622;5.559580113;5.093675049;4.803422425;;3.982116622;5.560580113
C1h1;C;1;h;4;4.880642514;2.687111619;;15.10920096;2.239301208;4.881642514;2.688111619;;15.11020096;2.240301208
C1h2;C;1;h;3;5.938869489;2.569193794;;18.16266;3.960921972;5.939869489;2.570193794;;18.16366;3.961921972
C1h3;C;1;h;3;1.504158274;2.232226257;;1.058367761;0;1.505158274;2.233226257;;1.059367761;0.001
C5h1;C;5;h;4;0.032146885;0.006611133;;0.016514852;0.079530889;0.033146885;0.007611133;;0.017514852;0.080530889
C5h2;C;5;h;3;0;1.640003015;;1.354644991;0.575697424;0.001;1.641003015;;1.355644991;0.576697424
C5h3;C;5;h;4;0.291787562;0.59327212;;0.420023336;0.172118135;0.292787562;0.59427212;;0.421023336;0.173118135
C8h1;C;8;h;3;5.456918851;1.544600081;;41.55852172;0.880489713;5.457918851;1.545600081;;41.55952172;0.881489713
C8h2;C;8;h;4;8.46568943;3.311517169;;41.51123761;2.848503798;8.46668943;3.312517169;;41.51223761;2.849503798
C8h3;C;8;h;3;1.263266381;4.074210676;;2.588972329;0.662395563;1.264266381;4.075210676;;2.589972329;0.663395563
C13h1;C;13;h;4;0.04850438;0.023474925;;0.008714928;0;0.04950438;0.024474925;;0.009714928;0.001
C13h3;C;13;h;4;3.018592439;2.523010746;;1.403330489;0.539409267;3.019592439;2.524010746;;1.404330489;0.540409267
C15h1;C;15;h;3;2.68711857;1.502768831;;2.934402874;1.118675539;2.68811857;1.503768831;;2.935402874;1.119675539
C15h2;C;15;h;4;1.49360473;0.996840266;;1.68243874;0.982336873;1.49460473;0.997840266;;1.68343874;0.983336873
C15h3;C;15;h;4;0.7661165;0.485497384;;1.384645171;0.461538462;0.7671165;0.486497384;;1.385645171;0.462538462
C19h1;C;19;h;3;2.448575864;1.109346233;;2.033289551;0.745554867;2.449575864;1.110346233;;2.034289551;0.746554867
C19h2;C;19;h;3;0.68048294;0.419061417;;0.900103937;0.331968504;0.68148294;0.420061417;;0.901103937;0.332968504
C19h3;C;19;h;2;2.399893955;1.60324157;;2.322579378;0.572776576;2.400893955;1.60424157;;2.323579378;0.573776576
C26h1;C;26;h;3;4.009428661;1.934920753;;8.885744625;1.952807113;4.010428661;1.935920753;;8.886744625;1.953807113
C26h2;C;26;h;4;3.633916623;1.397241742;;10.03776882;1.185644922;3.634916623;1.398241742;;10.03876882;1.186644922
C26h3;C;26;h;3;1.407381047;1.467269975;;0.595761637;0;1.408381047;1.468269975;;0.596761637;0.001
C30h1;C;30;h;3;6.662717419;19.32944448;;35.1822142;4.811546824;6.663717419;19.33044448;;35.1832142;4.812546824
C30h2;C;30;h;3;2.574063576;4.558175318;;12.72093741;1.388888246;2.575063576;4.559175318;;12.72193741;1.389888246
C30h3;C;30;h;4;2.179235411;0.448126315;;0.795499204;0.939074726;2.180235411;0.449126315;;0.796499204;0.940074726
C34h1;C;34;h;4;1.160164187;0.863392322;;1.924064644;0.678705816;1.161164187;0.864392322;;1.925064644;0.679705816
C34h2;C;34;h;4;0.92049246;1.124411036;;2.901832123;0.859323104;0.92149246;1.125411036;;2.902832123;0.860323104
C34h3;C;34;h;4;1.038849877;1.054975315;;1.432176084;0.859422748;1.039849877;1.055975315;;1.433176084;0.860422748
C43h2;C;43;h;4;3.138322326;2.200002914;;0.936119135;0.387871524;3.139322326;2.201002914;;0.937119135;0.388871524
C43h3;C;43;h;4;1.231837642;1.084416541;;1.462131001;0.490529989;1.232837642;1.085416541;;1.463131001;0.491529989
C45h1;C;45;h;3;0.807004571;0;;0;0;0.808004571;0.001;;0.001;0.001
C45h2;C;45;h;3;1.418343762;2.522279019;;1.496017177;0.593330028;1.419343762;2.523279019;;1.497017177;0.594330028
C45h3;C;45;h;3;1.833924752;7.38533565;;4.472796763;0.682347365;1.834924752;7.38633565;;4.473796763;0.683347365
C50h1;C;50;h;4;2.303064774;13.64879046;;12.9930104;2.766364419;2.304064774;13.64979046;;12.9940104;2.767364419
C50h2;C;50;h;3;5.617762273;15.18267038;;16.24099121;6.651137183;5.618762273;15.18367038;;16.24199121;6.652137183
C55h1;C;55;h;2;7.992683155;2.841666879;;7.15354314;4.289525851;7.993683155;2.842666879;;7.15454314;4.290525851
C55h2;C;55;h;3;3.536512451;1.629361079;;32.4174293;7.620814913;3.537512451;1.630361079;;32.4184293;7.621814913
C55h3;C;55;h;3;3.008048531;4.988181526;;3.823426011;0;3.009048531;4.989181526;;3.824426011;0.001
C61h1;C;61;h;4;0.485305737;2.367718285;;0.678450125;0.191582096;0.486305737;2.368718285;;0.679450125;0.192582096
C61h2;C;61;h;4;0.738273792;0.871459885;;0.361494117;0;0.739273792;0.872459885;;0.362494117;0.001
C61h3;C;61;h;4;1.271709701;1.956229185;;1.073053854;0.660347898;1.272709701;1.957229185;;1.074053854;0.661347898
C64h1;C;64;h;4;3.356215164;4.512317779;;4.974292554;3.095549879;3.357215164;4.513317779;;4.975292554;3.096549879
C64h2;C;64;h;4;0.421408184;0.736141314;;0.724563805;0.605580883;0.422408184;0.737141314;;0.725563805;0.606580883
C64h3;C;64;h;3;0.508080772;0.906161769;;0.641366248;0.645634973;0.509080772;0.907161769;;0.642366248;0.646634973
B3o1;B;3;c;4;6.850456854;0.686017235;;1.601296637;;6.851456854;0.687017235;;1.602296637;
B3o2;B;3;c;3;2.010281643;0.222831282;;0.374367795;;2.011281643;0.223831282;;0.375367795;
B3o3;B;3;c;3;2.036261095;0.234781243;;0.640491713;;2.037261095;0.235781243;;0.641491713;
B14o1;B;14;c;3;1.52964705;0.619194589;;1.761303739;;1.53064705;0.620194589;;1.762303739;
B14o2;B;14;c;3;0.139116259;0.452138254;;1.231408253;;0.140116259;0.453138254;;1.232408253;
B14o3;B;14;c;3;1.057573475;0.725990772;;1.261529;;1.058573475;0.726990772;;1.262529;
B24o1;B;24;c;4;4.316318441;4.109708618;;4.115504545;;4.317318441;4.110708618;;4.116504545;
B24o2;B;24;c;4;4.307454622;2.287225541;;4.984116595;;4.308454622;2.288225541;;4.985116595;
B24o3;B;24;c;3;7.291933937;5.801501668;;6.697114151;;7.292933937;5.802501668;;6.698114151;
B28o1;B;28;c;4;61.44958257;1.384769767;;13.10952484;;61.45058257;1.385769767;;13.11052484;
B28o2;B;28;c;3;2.912751974;0.793803653;;1.495876025;;2.913751974;0.794803653;;1.496876025;
B28o3;B;28;c;3;4.058341317;0;;5.403838617;;4.059341317;0.001;;5.404838617;
B30o1;B;30;c;3;11.60974938;0.472238157;;2.765151383;;11.61074938;0.473238157;;2.766151383;
B30o2;B;30;c;4;0.388219764;0.014528931;;0.06211026;;0.389219764;0.015528931;;0.06311026;
B30o3;B;30;c;4;3.418068528;0;;1.963203546;;3.419068528;0.001;;1.964203546;
B37o1;B;37;c;3;1.072935104;0.051005782;;0.282739099;;1.073935104;0.052005782;;0.283739099;
B37o2;B;37;c;3;1.158672597;0;;0.318356567;;1.159672597;0.001;;0.319356567;
B37o3;B;37;c;3;1.411235004;0.174381061;;0.600326792;;1.412235004;0.175381061;;0.601326792;
B53o1;B;53;c;4;5.954364888;2.574617531;;6.098349164;;5.955364888;2.575617531;;6.099349164;
B53o2;B;53;c;3;13.8926991;0.276484987;;0.99565897;;13.8936991;0.277484987;;0.99665897;
B53o3;B;53;c;3;9.669417473;0.393259401;;0.884223253;;9.670417473;0.394259401;;0.885223253;
B56o2;B;56;c;3;3.481763225;0.230066551;;1.515328302;;3.482763225;0.231066551;;1.516328302;
B56o3;B;56;c;3;0.345581984;0.531970096;;1.725259549;;0.346581984;0.532970096;;1.726259549;
B57o1;B;57;c;4;11.92833231;4.931782469;;9.668374667;;11.92933231;4.932782469;;9.669374667;
B57o2;B;57;c;4;2.643131663;0.78792957;;1.463643118;;2.644131663;0.78892957;;1.464643118;
B57o3;B;57;c;4;7.738614368;2.561699167;;4.240877897;;7.739614368;2.562699167;;4.241877897;
B60o1;B;60;c;3;8.520816394;3.886824689;;5.05990181;;8.521816394;3.887824689;;5.06090181;
B60o3;B;60;c;3;0.208915319;0.021198731;;0.190680673;;0.209915319;0.022198731;;0.191680673;
B61o1;B;61;c;3;48.01198975;2.652570453;;4.305858241;;48.01298975;2.653570453;;4.306858241;
B61o2;B;61;c;3;93.08546985;4.029416306;;8.85186497;;93.08646985;4.030416306;;8.85286497;
B61o3;B;61;c;3;2.481993257;0.188718203;;3.129009852;;2.482993257;0.189718203;;3.130009852;
B3h1;B;3;h;3;2.334604825;0.151454228;;0.435422787;;2.335604825;0.152454228;;0.436422787;
B3h2;B;3;h;3;6.588074467;1.06450339;;3.105585062;;6.589074467;1.06550339;;3.106585062;
B3h3;B;3;h;3;15.18004807;1.749458256;;3.363319018;;15.18104807;1.750458256;;3.364319018;
B14h1;B;14;h;3;19.54076439;0.757967397;;3.159044526;;19.54176439;0.758967397;;3.160044526;
B14h2;B;14;h;4;0.375267669;0.808860855;;1.375560947;;0.376267669;0.809860855;;1.376560947;
B14h3;B;14;h;3;2.492041495;0.595863509;;2.035030991;;2.493041495;0.596863509;;2.036030991;
B24h1;B;24;h;3;6.435157814;4.300266997;;7.994869839;;6.436157814;4.301266997;;7.995869839;
B24h2;B;24;h;3;3.944492907;2.607104405;;3.908279304;;3.945492907;2.608104405;;3.909279304;
B24h3;B;24;h;3;4.919211757;3.512225263;;5.286175597;;4.920211757;3.513225263;;5.287175597;
B28h1;B;28;h;3;41.78586985;0.837456102;;7.238919876;;41.78686985;0.838456102;;7.239919876;
B28h2;B;28;h;3;14.67154412;0.204306653;;2.844423772;;14.67254412;0.205306653;;2.845423772;
B28h3;B;28;h;3;8.372703564;0;;13.25262243;;8.373703564;0.001;;13.25362243;
B30h1;B;30;h;3;4.66720542;0.03613177;;0.607526048;;4.66820542;0.03713177;;0.608526048;
B30h2;B;30;h;3;10.27774788;0.368182708;;1.713893858;;10.27874788;0.369182708;;1.714893858;
B30h3;B;30;h;2;3.425724698;0.124679879;;2.367710853;;3.426724698;0.125679879;;2.368710853;
B37h1;B;37;h;4;2.449166899;0;;0.494696393;;2.450166899;0.001;;0.495696393;
B37h2;B;37;h;4;8.106995248;0.411359827;;1.492539083;;8.107995248;0.412359827;;1.493539083;
B37h3;B;37;h;4;18.57235237;0;;18.17807958;;18.57335237;0.001;;18.17907958;
B53h1;B;53;h;3;0.12463303;0.032292478;;0.082397761;;0.12563303;0.033292478;;0.083397761;
B53h2;B;53;h;3;8.02052314;0.092609475;;0.508709404;;8.02152314;0.093609475;;0.509709404;
B53h3;B;53;h;4;18.69051962;0.676672843;;1.700804633;;18.69151962;0.677672843;;1.701804633;
B56h1;B;56;h;3;2.233528246;0.768463119;;2.599052291;;2.234528246;0.769463119;;2.600052291;
B56h2;B;56;h;4;13.29034623;0.231248574;;2.427510626;;13.29134623;0.232248574;;2.428510626;
B56h3;B;56;h;4;1.023849984;0.857197974;;1.999137576;;1.024849984;0.858197974;;2.000137576;
B57h1;B;57;h;4;4.620289538;3.393955403;;6.315340854;;4.621289538;3.394955403;;6.316340854;
B57h2;B;57;h;4;4.049371259;2.94469597;;4.033952684;;4.050371259;2.94569597;;4.034952684;
B57h3;B;57;h;3;13.37902189;4.838892073;;5.631790931;;13.38002189;4.839892073;;5.632790931;
B60h1;B;60;h;3;10.48388049;6.796372583;;9.653947276;;10.48488049;6.797372583;;9.654947276;
B60h2;B;60;h;4;5.330920848;2.070254143;;5.689494736;;5.331920848;2.071254143;;5.690494736;
B60h3;B;60;h;3;2.58104632;0.377756486;;3.750816393;;2.58204632;0.378756486;;3.751816393;
B61h1;B;61;h;3;25.57465747;1.0863378;;3.019676968;;25.57565747;1.0873378;;3.020676968;
B61h2;B;61;h;3;24.27552711;1.463133259;;3.533615012;;24.27652711;1.464133259;;3.534615012;
B61h3;B;61;h;3;11.22992226;3.144060526;;15.58761667;;11.23092226;3.145060526;;15.58861667;
C1o1;C;1;c;4;11.61876952;1.124425659;;1.191487957;;11.61976952;1.125425659;;1.192487957;
C1o2;C;1;c;3;15.49232351;2.009065475;;10.83842298;;15.49332351;2.010065475;;10.83942298;
C1o3;C;1;c;3;0;0.753416557;;3.155265628;;0.001;0.754416557;;3.156265628;
C5o1;C;5;c;3;4.199185939;0;;1.309508587;;4.200185939;0.001;;1.310508587;
C5o2;C;5;c;3;1.116648578;0;;0.531076344;;1.117648578;0.001;;0.532076344;
C5o3;C;5;c;3;8.710113801;0;;2.713212675;;8.711113801;0.001;;2.714212675;
C8o1;C;8;c;4;21.73337577;0.959715894;;6.596823908;;21.73437577;0.960715894;;6.597823908;
C8o2;C;8;c;3;21.68819643;0.916824894;;5.406506667;;21.68919643;0.917824894;;5.407506667;
C8o3;C;8;c;3;0;0;;1.626345639;;0.001;0.001;;1.627345639;
C13o1;C;13;c;3;1.049208455;0.255199687;;1.298015136;;1.050208455;0.256199687;;1.299015136;
C13o2;C;13;c;3;1.822444134;0.259523804;;0.466718557;;1.823444134;0.260523804;;0.467718557;
C13o3;C;13;c;3;0.597984157;0.29657821;;1.084033698;;0.598984157;0.29757821;;1.085033698;
C15o1;C;15;c;4;11.34540297;0.417236271;;3.520688441;;11.34640297;0.418236271;;3.521688441;
C15o2;C;15;c;3;7.353670418;0.232696645;;1.377861299;;7.354670418;0.233696645;;1.378861299;
C15o3;C;15;c;4;7.478803726;0.695587894;;4.463903315;;7.479803726;0.696587894;;4.464903315;
C19o2;C;19;c;4;2.228970828;0.778065516;;3.476725118;;2.229970828;0.779065516;;3.477725118;
C19o3;C;19;c;4;0.247931556;0.681953909;;1.903496922;;0.248931556;0.682953909;;1.904496922;
C26o1;C;26;c;3;4.982303326;0.784662071;;0.51629092;;4.983303326;0.785662071;;0.51729092;
C26o2;C;26;c;3;8.963282902;1.096208806;;1.114309011;;8.964282902;1.097208806;;1.115309011;
C26o3;C;26;c;4;0;0.380715797;;3.027577845;;0.001;0.381715797;;3.028577845;
C30o1;C;30;c;3;52.48614621;3.032968332;;11.64444149;;52.48714621;3.033968332;;11.64544149;
C30o2;C;30;c;4;20.47999693;1.87177098;;3.46371823;;20.48099693;1.87277098;;3.46471823;
C30o3;C;30;c;3;6.144033549;0.482988199;;5.566815115;;6.145033549;0.483988199;;5.567815115;
C34o1;C;34;c;3;7.502623031;0.650679986;;4.589823108;;7.503623031;0.651679986;;4.590823108;
C34o2;C;34;c;3;5.619062148;0.591498943;;3.660761518;;5.620062148;0.592498943;;3.661761518;
C34o3;C;34;c;4;7.988650723;0.446167214;;1.453463652;;7.989650723;0.447167214;;1.454463652;
C43o2;C;43;c;4;5.956172269;0.24858084;;1.267825699;;5.957172269;0.24958084;;1.268825699;
C43o3;C;43;c;4;1.380623044;0.604498979;;1.727046027;;1.381623044;0.605498979;;1.728046027;
C45o1;C;45;c;3;0;0;;0.949937873;;0.001;0.001;;0.950937873;
C45o2;C;45;c;3;0;1.556968769;;6.666201203;;0.001;1.557968769;;6.667201203;
C45o3;C;45;c;3;0;1.453164925;;9.176456319;;0.001;1.454164925;;9.177456319;
C50o1;C;50;c;3;97.84710561;8.59727795;;13.81279717;;97.84810561;8.59827795;;13.81379717;
C50o2;C;50;c;4;29.98736885;2.399747104;;5.981545402;;29.98836885;2.400747104;;5.982545402;
C50o3;C;50;c;4;0;0;;1.122435694;;0.001;0.001;;1.123435694;
C55o1;C;55;c;3;10.63422036;0.98949239;;0.727175795;;10.63522036;0.99049239;;0.728175795;
C55o2;C;55;c;3;41.05594974;0.942042755;;16.58807754;;41.05694974;0.943042755;;16.58907754;
C55o3;C;55;c;3;0;0.464921852;;2.98592058;;0.001;0.465921852;;2.98692058;
C61o1;C;61;c;4;14.49407261;1.079118432;;2.420540541;;14.49507261;1.080118432;;2.421540541;
C61o2;C;61;c;4;4.138565572;0.529351518;;0.876078567;;4.139565572;0.530351518;;0.877078567;
C61o3;C;61;c;4;1.672826886;0.139037715;;0.293298628;;1.673826886;0.140037715;;0.294298628;
C64o1;C;64;c;3;2.107836408;0.269703706;;2.314767578;;2.108836408;0.270703706;;2.315767578;
C64o2;C;64;c;4;4.009145279;0;;6.620199585;;4.010145279;0.001;;6.621199585;
C64o3;C;64;c;3;12.38979121;1.462279386;;15.05930326;;12.39079121;1.463279386;;15.06030326;
C1h1;C;1;h;4;19.98218578;2.014223531;;0.98146764;;19.98318578;2.015223531;;0.98246764;
C1h2;C;1;h;3;23.23832704;1.222188247;;15.05539417;;23.23932704;1.223188247;;15.05639417;
C1h3;C;1;h;3;1.277259117;0.63730636;;4.228212555;;1.278259117;0.63830636;;4.229212555;
C5h1;C;5;h;4;0.104185947;0;;0.047239982;;0.105185947;0.001;;0.048239982;
C5h2;C;5;h;3;11.86704817;0;;3.501322294;;11.86804817;0.001;;3.502322294;
C5h3;C;5;h;4;3.748264014;0;;0.945739156;;3.749264014;0.001;;0.946739156;
C8h1;C;8;h;3;7.628101392;0.580477721;;7.031966104;;7.629101392;0.581477721;;7.032966104;
C8h2;C;8;h;4;29.35912527;1.478720274;;11.38229939;;29.36012527;1.479720274;;11.38329939;
C8h3;C;8;h;3;0;0.771485314;;6.562847763;;0.001;0.772485314;;6.563847763;
C13h1;C;13;h;4;0.154276175;0.009230478;;0.035374604;;0.155276175;0.010230478;;0.036374604;
C13h3;C;13;h;4;2.058474008;0.828808378;;1.671455705;;2.059474008;0.829808378;;1.672455705;
C15h1;C;15;h;3;9.161951518;0.63835164;;3.885131458;;9.162951518;0.63935164;;3.886131458;
C15h2;C;15;h;4;6.42755618;0.68107431;;2.646862474;;6.42855618;0.68207431;;2.647862474;
C15h3;C;15;h;4;3.957487959;0.197250774;;2.023647701;;3.958487959;0.198250774;;2.024647701;
C19h1;C;19;h;3;8.660695393;0.516107444;;3.243976196;;8.661695393;0.517107444;;3.244976196;
C19h2;C;19;h;3;6.906414698;0.220419948;;1.232202625;;6.907414698;0.221419948;;1.233202625;
C19h3;C;19;h;2;8.879069554;0.491580232;;4.339219261;;8.880069554;0.492580232;;4.340219261;
C26h1;C;26;h;3;6.73166741;0.972457732;;0.629352802;;6.73266741;0.973457732;;0.630352802;
C26h2;C;26;h;4;7.600268367;0.888850702;;0.526343115;;7.601268367;0.889850702;;0.527343115;
C26h3;C;26;h;3;0;0.398714858;;2.155247079;;0.001;0.399714858;;2.156247079;
C30h1;C;30;h;3;63.29362554;4.411937547;;13.00471074;;63.29462554;4.412937547;;13.00571074;
C30h2;C;30;h;3;16.42595185;1.120982141;;3.162295468;;16.42695185;1.121982141;;3.163295468;
C30h3;C;30;h;4;0.748264676;0;;5.507772623;;0.749264676;0.001;;5.508772623;
C34h1;C;34;h;4;6.667177153;0.45870625;;3.506361858;;6.668177153;0.45970625;;3.507361858;
C34h2;C;34;h;4;8.885051949;0.403558746;;4.237834986;;8.886051949;0.404558746;;4.238834986;
C34h3;C;34;h;4;19.01073518;0.528294118;;2.703619063;;19.01173518;0.529294118;;2.704619063;
C43h2;C;43;h;4;1.168401266;0.89798223;;1.866701152;;1.169401266;0.89898223;;1.867701152;
C43h3;C;43;h;4;6.344997368;0.473237326;;2.503574492;;6.345997368;0.474237326;;2.504574492;
C45h1;C;45;h;3;0;0;;0.526828056;;0.001;0.001;;0.527828056;
C45h2;C;45;h;3;0;0.415198371;;4.320002546;;0.001;0.416198371;;4.321002546;
C45h3;C;45;h;3;1.247946238;1.596089345;;12.24781864;;1.248946238;1.597089345;;12.24881864;
C50h1;C;50;h;4;42.29255735;3.526745264;;11.26461209;;42.29355735;3.527745264;;11.26561209;
C50h2;C;50;h;3;48.93510164;4.136656857;;10.81744655;;48.93610164;4.137656857;;10.81844655;
C55h1;C;55;h;2;25.27235679;1.758961008;;10.14584344;;25.27335679;1.759961008;;10.14684344;
C55h2;C;55;h;3;10.66858615;0.594566309;;8.872577178;;10.66958615;0.595566309;;8.873577178;
C55h3;C;55;h;3;0;0;;8.171682038;;0.001;0.001;;8.172682038;
C61h1;C;61;h;4;8.183011298;0.86855202;;1.387540661;;8.184011298;0.86955202;;1.388540661;
C61h2;C;61;h;4;3.951493825;0.346150327;;0.706259385;;3.952493825;0.347150327;;0.707259385;
C61h3;C;61;h;4;6.832412207;0.674899568;;1.815720116;;6.833412207;0.675899568;;1.816720116;
C64h1;C;64;h;4;15.06338431;1.231563527;;12.33424146;;15.06438431;1.232563527;;12.33524146;
C64h2;C;64;h;4;1.459090928;0.174125795;;1.564065461;;1.460090928;0.175125795;;1.565065461;
C64h3;C;64;h;3;2.22393338;0.349626807;;1.473240353;;2.22493338;0.350626807;;1.474240353;
B3o1;B;3;c;4;6.319674109;;;;;6.320674109;;;;
B3o2;B;3;c;3;1.026769492;;;;;1.027769492;;;;
B3o3;B;3;c;3;1.969125756;;;;;1.970125756;;;;
B14o1;B;14;c;3;1.04432092;;;;;1.04532092;;;;
B14o2;B;14;c;3;0.727584817;;;;;0.728584817;;;;
B14o3;B;14;c;3;0.752141699;;;;;0.753141699;;;;
B24o1;B;24;c;4;4.017308505;;;;;4.018308505;;;;
B24o2;B;24;c;4;3.889927318;;;;;3.890927318;;;;
B24o3;B;24;c;3;6.152435484;;;;;6.153435484;;;;
B28o1;B;28;c;4;61.72072044;;;;;61.72172044;;;;
B28o2;B;28;c;3;3.88269172;;;;;3.88369172;;;;
B28o3;B;28;c;3;4.447189079;;;;;4.448189079;;;;
B30o1;B;30;c;3;7.761164711;;;;;7.762164711;;;;
B30o2;B;30;c;4;0.534936832;;;;;0.535936832;;;;
B30o3;B;30;c;4;3.674238639;;;;;3.675238639;;;;
B37o1;B;37;c;3;4.530636693;;;;;4.531636693;;;;
B37o2;B;37;c;3;5.686441849;;;;;5.687441849;;;;
B37o3;B;37;c;3;2.007733743;;;;;2.008733743;;;;
B53o1;B;53;c;4;4.847067394;;;;;4.848067394;;;;
B53o2;B;53;c;3;8.321092122;;;;;8.322092122;;;;
B53o3;B;53;c;3;3.169299245;;;;;3.170299245;;;;
B56o2;B;56;c;3;1.626033696;;;;;1.627033696;;;;
B56o3;B;56;c;3;1.19705745;;;;;1.19805745;;;;
B57o1;B;57;c;4;8.827013732;;;;;8.828013732;;;;
B57o2;B;57;c;4;3.372865638;;;;;3.373865638;;;;
B57o3;B;57;c;4;8.279149937;;;;;8.280149937;;;;
B60o1;B;60;c;3;6.172706594;;;;;6.173706594;;;;
B60o3;B;60;c;3;0.382730702;;;;;0.383730702;;;;
B61o1;B;61;c;3;57.01102192;;;;;57.01202192;;;;
B61o2;B;61;c;3;77.20150033;;;;;77.20250033;;;;
B61o3;B;61;c;3;5.331802241;;;;;5.332802241;;;;
B3h1;B;3;h;3;2.413545084;;;;;2.414545084;;;;
B3h2;B;3;h;3;5.889691103;;;;;5.890691103;;;;
B3h3;B;3;h;3;15.80572869;;;;;15.80672869;;;;
B14h1;B;14;h;3;10.92330421;;;;;10.92430421;;;;
B14h2;B;14;h;4;1.787936816;;;;;1.788936816;;;;
B14h3;B;14;h;3;2.628639656;;;;;2.629639656;;;;
B24h1;B;24;h;3;10.19301039;;;;;10.19401039;;;;
B24h2;B;24;h;3;4.355621046;;;;;4.356621046;;;;
B24h3;B;24;h;3;5.099515991;;;;;5.100515991;;;;
B28h1;B;28;h;3;21.50251734;;;;;21.50351734;;;;
B28h2;B;28;h;3;6.871077237;;;;;6.872077237;;;;
B28h3;B;28;h;3;12.12486236;;;;;12.12586236;;;;
B30h1;B;30;h;3;6.294059497;;;;;6.295059497;;;;
B30h2;B;30;h;3;17.33401238;;;;;17.33501238;;;;
B30h3;B;30;h;2;4.856371783;;;;;4.857371783;;;;
B37h1;B;37;h;4;5.379188794;;;;;5.380188794;;;;
B37h2;B;37;h;4;11.48114764;;;;;11.48214764;;;;
B37h3;B;37;h;4;27.15714249;;;;;27.15814249;;;;
B53h1;B;53;h;3;0.058227484;;;;;0.059227484;;;;
B53h2;B;53;h;3;6.023250432;;;;;6.024250432;;;;
B53h3;B;53;h;4;14.60544475;;;;;14.60644475;;;;
B56h1;B;56;h;3;1.309494284;;;;;1.310494284;;;;
B56h2;B;56;h;4;6.842265022;;;;;6.843265022;;;;
B56h3;B;56;h;4;1.236494135;;;;;1.237494135;;;;
B57h1;B;57;h;4;3.972805113;;;;;3.973805113;;;;
B57h2;B;57;h;4;4.072519008;;;;;4.073519008;;;;
B57h3;B;57;h;3;8.727665639;;;;;8.728665639;;;;
B60h1;B;60;h;3;9.131627417;;;;;9.132627417;;;;
B60h2;B;60;h;4;7.057242494;;;;;7.058242494;;;;
B60h3;B;60;h;3;6.282317144;;;;;6.283317144;;;;
B61h1;B;61;h;3;18.30388872;;;;;18.30488872;;;;
B61h2;B;61;h;3;27.33169711;;;;;27.33269711;;;;
B61h3;B;61;h;3;38.00024699;;;;;38.00124699;;;;
C1o1;C;1;c;4;6.294647659;;;;;6.295647659;;;;
C1o2;C;1;c;3;10.09718941;;;;;10.09818941;;;;
C1o3;C;1;c;3;1.548548276;;;;;1.549548276;;;;
C5o1;C;5;c;3;2.495756079;;;;;2.496756079;;;;
C5o2;C;5;c;3;0.572724001;;;;;0.573724001;;;;
C5o3;C;5;c;3;21.39943005;;;;;21.40043005;;;;
C8o1;C;8;c;4;7.163602251;;;;;7.164602251;;;;
C8o2;C;8;c;3;6.986833682;;;;;6.987833682;;;;
C8o3;C;8;c;3;0.684453097;;;;;0.685453097;;;;
C13o1;C;13;c;3;1.38402254;;;;;1.38502254;;;;
C13o2;C;13;c;3;0.983885344;;;;;0.984885344;;;;
C13o3;C;13;c;3;0.878109155;;;;;0.879109155;;;;
C15o1;C;15;c;4;5.336926991;;;;;5.337926991;;;;
C15o2;C;15;c;3;7.788671297;;;;;7.789671297;;;;
C15o3;C;15;c;4;4.58567736;;;;;4.58667736;;;;
C19o2;C;19;c;4;8.832149961;;;;;8.833149961;;;;
C19o3;C;19;c;4;2.147775841;;;;;2.148775841;;;;
C26o1;C;26;c;3;3.929006398;;;;;3.930006398;;;;
C26o2;C;26;c;3;6.194419776;;;;;6.195419776;;;;
C26o3;C;26;c;4;1.270689422;;;;;1.271689422;;;;
C30o1;C;30;c;3;44.54695512;;;;;44.54795512;;;;
C30o2;C;30;c;4;32.62487188;;;;;32.62587188;;;;
C30o3;C;30;c;3;4.741323847;;;;;4.742323847;;;;
C34o1;C;34;c;3;8.611346234;;;;;8.612346234;;;;
C34o2;C;34;c;3;9.120536156;;;;;9.121536156;;;;
C34o3;C;34;c;4;7.417508797;;;;;7.418508797;;;;
C43o2;C;43;c;4;7.230571974;;;;;7.231571974;;;;
C43o3;C;43;c;4;1.054108897;;;;;1.055108897;;;;
C45o1;C;45;c;3;0.679907205;;;;;0.680907205;;;;
C45o2;C;45;c;3;2.34584476;;;;;2.34684476;;;;
C45o3;C;45;c;3;4.522851506;;;;;4.523851506;;;;
C50o1;C;50;c;3;89.84205038;;;;;89.84305038;;;;
C50o2;C;50;c;4;65.9352312;;;;;65.9362312;;;;
C50o3;C;50;c;4;0.469803315;;;;;0.470803315;;;;
C55o1;C;55;c;3;7.260389137;;;;;7.261389137;;;;
C55o2;C;55;c;3;17.52190637;;;;;17.52290637;;;;
C55o3;C;55;c;3;1.22839613;;;;;1.22939613;;;;
C61o1;C;61;c;4;7.660503422;;;;;7.661503422;;;;
C61o2;C;61;c;4;4.366840759;;;;;4.367840759;;;;
C61o3;C;61;c;4;1.764517674;;;;;1.765517674;;;;
C64o1;C;64;c;3;3.645382806;;;;;3.646382806;;;;
C64o2;C;64;c;4;8.958215043;;;;;8.959215043;;;;
C64o3;C;64;c;3;23.65696159;;;;;23.65796159;;;;
C1h1;C;1;h;4;12.60959667;;;;;12.61059667;;;;
C1h2;C;1;h;3;11.87523774;;;;;11.87623774;;;;
C1h3;C;1;h;3;2.494636145;;;;;2.495636145;;;;
C5h1;C;5;h;4;0.114636099;;;;;0.115636099;;;;
C5h2;C;5;h;3;30.11241072;;;;;30.11341072;;;;
C5h3;C;5;h;4;4.276655446;;;;;4.277655446;;;;
C8h1;C;8;h;3;8.273156581;;;;;8.274156581;;;;
C8h2;C;8;h;4;12.03170808;;;;;12.03270808;;;;
C8h3;C;8;h;3;1.951421739;;;;;1.952421739;;;;
C13h1;C;13;h;4;0.068708518;;;;;0.069708518;;;;
C13h3;C;13;h;4;1.399323542;;;;;1.400323542;;;;
C15h1;C;15;h;3;10.3178749;;;;;10.3188749;;;;
C15h2;C;15;h;4;8.994896019;;;;;8.995896019;;;;
C15h3;C;15;h;4;3.060722096;;;;;3.061722096;;;;
C19h1;C;19;h;3;7.160360776;;;;;7.161360776;;;;
C19h2;C;19;h;3;4.687542257;;;;;4.688542257;;;;
C19h3;C;19;h;2;10.50519587;;;;;10.50619587;;;;
C26h1;C;26;h;3;7.245281538;;;;;7.246281538;;;;
C26h2;C;26;h;4;5.96838095;;;;;5.96938095;;;;
C26h3;C;26;h;3;1.026625098;;;;;1.027625098;;;;
C30h1;C;30;h;3;56.32767204;;;;;56.32867204;;;;
C30h2;C;30;h;3;20.21465345;;;;;20.21565345;;;;
C30h3;C;30;h;4;3.583685049;;;;;3.584685049;;;;
C34h1;C;34;h;4;7.002749571;;;;;7.003749571;;;;
C34h2;C;34;h;4;6.462194214;;;;;6.463194214;;;;
C34h3;C;34;h;4;13.32211213;;;;;13.32311213;;;;
C43h2;C;43;h;4;1.787403783;;;;;1.788403783;;;;
C43h3;C;43;h;4;5.437313867;;;;;5.438313867;;;;
C45h1;C;45;h;3;0.27972223;;;;;0.28072223;;;;
C45h2;C;45;h;3;1.47907092;;;;;1.48007092;;;;
C45h3;C;45;h;3;3.165978028;;;;;3.166978028;;;;
C50h1;C;50;h;4;37.72397309;;;;;37.72497309;;;;
C50h2;C;50;h;3;35.87233732;;;;;35.87333732;;;;
C55h1;C;55;h;2;14.96198644;;;;;14.96298644;;;;
C55h2;C;55;h;3;8.613047804;;;;;8.614047804;;;;
C55h3;C;55;h;3;3.605816485;;;;;3.606816485;;;;
C61h1;C;61;h;4;3.771359014;;;;;3.772359014;;;;
C61h2;C;61;h;4;2.836615049;;;;;2.837615049;;;;
C61h3;C;61;h;4;7.637709749;;;;;7.638709749;;;;
C64h1;C;64;h;4;23.75769973;;;;;23.75869973;;;;
C64h2;C;64;h;4;6.037119558;;;;;6.038119558;;;;
C64h3;C;64;h;3;4.209638601;;;;;4.210638601;;;;
B3o1;B;3;c;4;0.490046335;;;;;0.491046335;;;;
B3o2;B;3;c;3;0.141060309;;;;;0.142060309;;;;
B3o3;B;3;c;3;0.228275862;;;;;0.229275862;;;;
B14o1;B;14;c;3;0.155243722;;;;;0.156243722;;;;
B14o2;B;14;c;3;0.144801213;;;;;0.145801213;;;;
B14o3;B;14;c;3;0.225508993;;;;;0.226508993;;;;
B24o1;B;24;c;4;1.834992249;;;;;1.835992249;;;;
B24o2;B;24;c;4;2.892415998;;;;;2.893415998;;;;
B24o3;B;24;c;3;4.533281117;;;;;4.534281117;;;;
B28o1;B;28;c;4;2.291486918;;;;;2.292486918;;;;
B28o2;B;28;c;3;1.277947538;;;;;1.278947538;;;;
B28o3;B;28;c;3;0.698419265;;;;;0.699419265;;;;
B30o1;B;30;c;3;0.406261046;;;;;0.407261046;;;;
B30o2;B;30;c;4;0.013239278;;;;;0.014239278;;;;
B30o3;B;30;c;4;0.135061263;;;;;0.136061263;;;;
B37o1;B;37;c;3;0.056980926;;;;;0.057980926;;;;
B37o2;B;37;c;3;0.050113701;;;;;0.051113701;;;;
B37o3;B;37;c;3;0.070574484;;;;;0.071574484;;;;
B53o1;B;53;c;4;1.662904977;;;;;1.663904977;;;;
B53o2;B;53;c;3;0.306870195;;;;;0.307870195;;;;
B53o3;B;53;c;3;0.194664227;;;;;0.195664227;;;;
B56o2;B;56;c;3;0.238213062;;;;;0.239213062;;;;
B56o3;B;56;c;3;0.237846813;;;;;0.238846813;;;;
B57o1;B;57;c;4;5.244226959;;;;;5.245226959;;;;
B57o2;B;57;c;4;1.101997307;;;;;1.102997307;;;;
B57o3;B;57;c;4;2.973677475;;;;;2.974677475;;;;
B60o1;B;60;c;3;3.679926718;;;;;3.680926718;;;;
B60o3;B;60;c;3;0.008562829;;;;;0.009562829;;;;
B61o1;B;61;c;3;1.940222032;;;;;1.941222032;;;;
B61o2;B;61;c;3;2.527086796;;;;;2.528086796;;;;
B61o3;B;61;c;3;0.271098574;;;;;0.272098574;;;;
B3h1;B;3;h;3;0.165949748;;;;;0.166949748;;;;
B3h2;B;3;h;3;0.505090907;;;;;0.506090907;;;;
B3h3;B;3;h;3;1.311122493;;;;;1.312122493;;;;
B14h1;B;14;h;3;0.521771953;;;;;0.522771953;;;;
B14h2;B;14;h;4;0.244627743;;;;;0.245627743;;;;
B14h3;B;14;h;3;0.290110263;;;;;0.291110263;;;;
B24h1;B;24;h;3;3.554724897;;;;;3.555724897;;;;
B24h2;B;24;h;3;2.338457307;;;;;2.339457307;;;;
B24h3;B;24;h;3;2.973585489;;;;;2.974585489;;;;
B28h1;B;28;h;3;1.260392504;;;;;1.261392504;;;;
B28h2;B;28;h;3;0.614578475;;;;;0.615578475;;;;
B28h3;B;28;h;3;0.90120255;;;;;0.90220255;;;;
B30h1;B;30;h;3;0.112886247;;;;;0.113886247;;;;
B30h2;B;30;h;3;0.376740139;;;;;0.377740139;;;;
B30h3;B;30;h;2;0;;;;;0.001;;;;
B37h1;B;37;h;4;0.118861326;;;;;0.119861326;;;;
B37h2;B;37;h;4;0.278334524;;;;;0.279334524;;;;
B37h3;B;37;h;4;1.813522716;;;;;1.814522716;;;;
B53h1;B;53;h;3;0.028392035;;;;;0.029392035;;;;
B53h2;B;53;h;3;0.140195822;;;;;0.141195822;;;;
B53h3;B;53;h;4;0.443175962;;;;;0.444175962;;;;
B56h1;B;56;h;3;0.442703006;;;;;0.443703006;;;;
B56h2;B;56;h;4;0.325684251;;;;;0.326684251;;;;
B56h3;B;56;h;4;0.61977333;;;;;0.62077333;;;;
B57h1;B;57;h;4;2.480372134;;;;;2.481372134;;;;
B57h2;B;57;h;4;2.348005064;;;;;2.349005064;;;;
B57h3;B;57;h;3;3.329031958;;;;;3.330031958;;;;
B60h1;B;60;h;3;5.282460457;;;;;5.283460457;;;;
B60h2;B;60;h;4;3.067752577;;;;;3.068752577;;;;
B60h3;B;60;h;3;0.446838536;;;;;0.447838536;;;;
B61h1;B;61;h;3;0.419979498;;;;;0.420979498;;;;
B61h2;B;61;h;3;0.71737397;;;;;0.71837397;;;;
B61h3;B;61;h;3;0;;;;;0.001;;;;
C1o1;C;1;c;4;1.42654565;;;;;1.42754565;;;;
C1o2;C;1;c;3;2.009203879;;;;;2.010203879;;;;
C1o3;C;1;c;3;0.427216695;;;;;0.428216695;;;;
C5o1;C;5;c;3;0;;;;;0.001;;;;
C5o2;C;5;c;3;0;;;;;0.001;;;;
C5o3;C;5;c;3;0;;;;;0.001;;;;
C8o1;C;8;c;4;1.05261324;;;;;1.05361324;;;;
C8o2;C;8;c;3;1.249584992;;;;;1.250584992;;;;
C8o3;C;8;c;3;0;;;;;0.001;;;;
C13o1;C;13;c;3;0.133323226;;;;;0.134323226;;;;
C13o2;C;13;c;3;0.178012567;;;;;0.179012567;;;;
C13o3;C;13;c;3;0.199930681;;;;;0.200930681;;;;
C15o1;C;15;c;4;0.646592668;;;;;0.647592668;;;;
C15o2;C;15;c;3;0.271688967;;;;;0.272688967;;;;
C15o3;C;15;c;4;0.507792307;;;;;0.508792307;;;;
C19o2;C;19;c;4;0.486700372;;;;;0.487700372;;;;
C19o3;C;19;c;4;0.438935302;;;;;0.439935302;;;;
C26o1;C;26;c;3;0.908193941;;;;;0.909193941;;;;
C26o2;C;26;c;3;1.346301649;;;;;1.347301649;;;;
C26o3;C;26;c;4;0;;;;;0.001;;;;
C30o1;C;30;c;3;1.413375006;;;;;1.414375006;;;;
C30o2;C;30;c;4;1.056120408;;;;;1.057120408;;;;
C30o3;C;30;c;3;0.59772041;;;;;0.59872041;;;;
C34o1;C;34;c;3;0.411378183;;;;;0.412378183;;;;
C34o2;C;34;c;3;0.410777826;;;;;0.411777826;;;;
C34o3;C;34;c;4;0.356742738;;;;;0.357742738;;;;
C43o2;C;43;c;4;0.219363379;;;;;0.220363379;;;;
C43o3;C;43;c;4;0.37133823;;;;;0.37233823;;;;
C45o1;C;45;c;3;0;;;;;0.001;;;;
C45o2;C;45;c;3;1.039222284;;;;;1.040222284;;;;
C45o3;C;45;c;3;1.487021703;;;;;1.488021703;;;;
C50o1;C;50;c;3;4.175678303;;;;;4.176678303;;;;
C50o2;C;50;c;4;1.559885171;;;;;1.560885171;;;;
C50o3;C;50;c;4;0;;;;;0.001;;;;
C55o1;C;55;c;3;0.903540509;;;;;0.904540509;;;;
C55o2;C;55;c;3;2.249651368;;;;;2.250651368;;;;
C55o3;C;55;c;3;0;;;;;0.001;;;;
C61o1;C;61;c;4;1.045934346;;;;;1.046934346;;;;
C61o2;C;61;c;4;0.2986269;;;;;0.2996269;;;;
C61o3;C;61;c;4;0.140587853;;;;;0.141587853;;;;
C64o1;C;64;c;3;0.25996838;;;;;0.26096838;;;;
C64o2;C;64;c;4;0.145450495;;;;;0.146450495;;;;
C64o3;C;64;c;3;1.347560272;;;;;1.348560272;;;;
C1h1;C;1;h;4;1.591335444;;;;;1.592335444;;;;
C1h2;C;1;h;3;1.932344254;;;;;1.933344254;;;;
C1h3;C;1;h;3;0.558933796;;;;;0.559933796;;;;
C5h1;C;5;h;4;0.003905826;;;;;0.004905826;;;;
C5h2;C;5;h;3;0.359890196;;;;;0.360890196;;;;
C5h3;C;5;h;4;0.139800407;;;;;0.140800407;;;;
C8h1;C;8;h;3;0.686094916;;;;;0.687094916;;;;
C8h2;C;8;h;4;1.720384028;;;;;1.721384028;;;;
C8h3;C;8;h;3;0;;;;;0.001;;;;
C13h1;C;13;h;4;0.007047272;;;;;0.008047272;;;;
C13h3;C;13;h;4;0.495850854;;;;;0.496850854;;;;
C15h1;C;15;h;3;0.895646244;;;;;0.896646244;;;;
C15h2;C;15;h;4;0.50237113;;;;;0.50337113;;;;
C15h3;C;15;h;4;0.232391075;;;;;0.233391075;;;;
C19h1;C;19;h;3;0.403998189;;;;;0.404998189;;;;
C19h2;C;19;h;3;0.208272966;;;;;0.209272966;;;;
C19h3;C;19;h;2;0.547548367;;;;;0.548548367;;;;
C26h1;C;26;h;3;0.838646768;;;;;0.839646768;;;;
C26h2;C;26;h;4;0.87886189;;;;;0.87986189;;;;
C26h3;C;26;h;3;0;;;;;0.001;;;;
C30h1;C;30;h;3;2.377426267;;;;;2.378426267;;;;
C30h2;C;30;h;3;1.151825414;;;;;1.152825414;;;;
C30h3;C;30;h;4;0.184147802;;;;;0.185147802;;;;
C34h1;C;34;h;4;0.417540009;;;;;0.418540009;;;;
C34h2;C;34;h;4;0.53297727;;;;;0.53397727;;;;
C34h3;C;34;h;4;0.504995524;;;;;0.505995524;;;;
C43h2;C;43;h;4;0.341585583;;;;;0.342585583;;;;
C43h3;C;43;h;4;0.280623383;;;;;0.281623383;;;;
C45h1;C;45;h;3;0;;;;;0.001;;;;
C45h2;C;45;h;3;0.621122694;;;;;0.622122694;;;;
C45h3;C;45;h;3;1.488923051;;;;;1.489923051;;;;
C50h1;C;50;h;4;1.957371961;;;;;1.958371961;;;;
C50h2;C;50;h;3;2.022139502;;;;;2.023139502;;;;
C55h1;C;55;h;2;1.7947625;;;;;1.7957625;;;;
C55h2;C;55;h;3;1.323097645;;;;;1.324097645;;;;
C55h3;C;55;h;3;1.129195371;;;;;1.130195371;;;;
C61h1;C;61;h;4;0.401560239;;;;;0.402560239;;;;
C61h2;C;61;h;4;0.223235714;;;;;0.224235714;;;;
C61h3;C;61;h;4;0.481670647;;;;;0.482670647;;;;
C64h1;C;64;h;4;0.877358153;;;;;0.878358153;;;;
C64h2;C;64;h;4;0.204409018;;;;;0.205409018;;;;
C64h3;C;64;h;3;0.206179075;;;;;0.207179075;;;;
B3o1;B;3;c;4;2.747879665;;;;;2.748879665;;;;
B3o2;B;3;c;3;0.72992805;;;;;0.73092805;;;;
B3o3;B;3;c;3;0.917332495;;;;;0.918332495;;;;
B14o1;B;14;c;3;0.976175853;;;;;0.977175853;;;;
B14o2;B;14;c;3;0.543119823;;;;;0.544119823;;;;
B14o3;B;14;c;3;0.726115739;;;;;0.727115739;;;;
B24o1;B;24;c;4;3.353639631;;;;;3.354639631;;;;
B24o2;B;24;c;4;4.030670878;;;;;4.031670878;;;;
B24o3;B;24;c;3;5.466381278;;;;;5.467381278;;;;
B28o1;B;28;c;4;34.11306291;;;;;34.11406291;;;;
B28o2;B;28;c;3;2.292685227;;;;;2.293685227;;;;
B28o3;B;28;c;3;3.560758143;;;;;3.561758143;;;;
B30o1;B;30;c;3;2.471916558;;;;;2.472916558;;;;
B30o2;B;30;c;4;0.165733643;;;;;0.166733643;;;;
B30o3;B;30;c;4;2.212194591;;;;;2.213194591;;;;
B37o1;B;37;c;3;0.847364248;;;;;0.848364248;;;;
B37o2;B;37;c;3;0.942259267;;;;;0.943259267;;;;
B37o3;B;37;c;3;0.773476578;;;;;0.774476578;;;;
B53o1;B;53;c;4;3.467622438;;;;;3.468622438;;;;
B53o2;B;53;c;3;3.305339127;;;;;3.306339127;;;;
B53o3;B;53;c;3;2.379131961;;;;;2.380131961;;;;
B56o2;B;56;c;3;1.882681275;;;;;1.883681275;;;;
B56o3;B;56;c;3;0.958975137;;;;;0.959975137;;;;
B57o1;B;57;c;4;8.338218214;;;;;8.339218214;;;;
B57o2;B;57;c;4;2.003352973;;;;;2.004352973;;;;
B57o3;B;57;c;4;5.838745541;;;;;5.839745541;;;;
B60o1;B;60;c;3;5.215502424;;;;;5.216502424;;;;
B60o3;B;60;c;3;0.132011416;;;;;0.133011416;;;;
B61o1;B;61;c;3;30.01514375;;;;;30.01614375;;;;
B61o2;B;61;c;3;39.39486327;;;;;39.39586327;;;;
B61o3;B;61;c;3;2.692083217;;;;;2.693083217;;;;
B3h1;B;3;h;3;1.203878893;;;;;1.204878893;;;;
B3h2;B;3;h;3;2.982188153;;;;;2.983188153;;;;
B3h3;B;3;h;3;6.611733186;;;;;6.612733186;;;;
B14h1;B;14;h;3;9.247595242;;;;;9.248595242;;;;
B14h2;B;14;h;4;0.79820152;;;;;0.79920152;;;;
B14h3;B;14;h;3;2.645791088;;;;;2.646791088;;;;
B24h1;B;24;h;3;5.394526557;;;;;5.395526557;;;;
B24h2;B;24;h;3;3.147652167;;;;;3.148652167;;;;
B24h3;B;24;h;3;4.303034984;;;;;4.304034984;;;;
B28h1;B;28;h;3;18.99760956;;;;;18.99860956;;;;
B28h2;B;28;h;3;5.964709785;;;;;5.965709785;;;;
B28h3;B;28;h;3;6.497464503;;;;;6.498464503;;;;
B30h1;B;30;h;3;1.858349088;;;;;1.859349088;;;;
B30h2;B;30;h;3;4.997298941;;;;;4.998298941;;;;
B30h3;B;30;h;2;2.358897119;;;;;2.359897119;;;;
B37h1;B;37;h;4;1.319320337;;;;;1.320320337;;;;
B37h2;B;37;h;4;3.7920362;;;;;3.7930362;;;;
B37h3;B;37;h;4;12.59736762;;;;;12.59836762;;;;
B53h1;B;53;h;3;0.040159543;;;;;0.041159543;;;;
B53h2;B;53;h;3;3.077545264;;;;;3.078545264;;;;
B53h3;B;53;h;4;7.270217085;;;;;7.271217085;;;;
B56h1;B;56;h;3;1.182644351;;;;;1.183644351;;;;
B56h2;B;56;h;4;5.876339055;;;;;5.877339055;;;;
B56h3;B;56;h;4;1.313947716;;;;;1.314947716;;;;
B57h1;B;57;h;4;4.242750285;;;;;4.243750285;;;;
B57h2;B;57;h;4;3.325738945;;;;;3.326738945;;;;
B57h3;B;57;h;3;6.857775781;;;;;6.858775781;;;;
B60h1;B;60;h;3;8.161588752;;;;;8.162588752;;;;
B60h2;B;60;h;4;5.830480555;;;;;5.831480555;;;;
B60h3;B;60;h;3;2.65944973;;;;;2.66044973;;;;
B61h1;B;61;h;3;13.50013751;;;;;13.50113751;;;;
B61h2;B;61;h;3;14.52233752;;;;;14.52333752;;;;
B61h3;B;61;h;3;13.84179601;;;;;13.84279601;;;;
C1o1;C;1;c;4;4.636931438;;;;;4.637931438;;;;
C1o2;C;1;c;3;5.665684656;;;;;5.666684656;;;;
C1o3;C;1;c;3;0.8664633;;;;;0.8674633;;;;
C5o1;C;5;c;3;2.075153222;;;;;2.076153222;;;;
C5o2;C;5;c;3;0.32759593;;;;;0.32859593;;;;
C5o3;C;5;c;3;5.688568894;;;;;5.689568894;;;;
C8o1;C;8;c;4;11.21854731;;;;;11.21954731;;;;
C8o2;C;8;c;3;5.94645589;;;;;5.94745589;;;;
C8o3;C;8;c;3;0.626943804;;;;;0.627943804;;;;
C13o1;C;13;c;3;0.834974542;;;;;0.835974542;;;;
C13o2;C;13;c;3;0.596085143;;;;;0.597085143;;;;
C13o3;C;13;c;3;0.632102547;;;;;0.633102547;;;;
C15o1;C;15;c;4;4.718837807;;;;;4.719837807;;;;
C15o2;C;15;c;3;3.968859771;;;;;3.969859771;;;;
C15o3;C;15;c;4;3.506509927;;;;;3.507509927;;;;
C19o2;C;19;c;4;6.785012416;;;;;6.786012416;;;;
C19o3;C;19;c;4;1.012789261;;;;;1.013789261;;;;
C26o1;C;26;c;3;2.317387935;;;;;2.318387935;;;;
C26o2;C;26;c;3;3.726325222;;;;;3.727325222;;;;
C26o3;C;26;c;4;1.022491232;;;;;1.023491232;;;;
C30o1;C;30;c;3;25.01193273;;;;;25.01293273;;;;
C30o2;C;30;c;4;13.87953762;;;;;13.88053762;;;;
C30o3;C;30;c;3;3.863421715;;;;;3.864421715;;;;
C34o1;C;34;c;3;6.803199182;;;;;6.804199182;;;;
C34o2;C;34;c;3;5.935446674;;;;;5.936446674;;;;
C34o3;C;34;c;4;4.325434387;;;;;4.326434387;;;;
C43o2;C;43;c;4;3.575021549;;;;;3.576021549;;;;
C43o3;C;43;c;4;0.819334579;;;;;0.820334579;;;;
C45o1;C;45;c;3;0.474681571;;;;;0.475681571;;;;
C45o2;C;45;c;3;1.373559448;;;;;1.374559448;;;;
C45o3;C;45;c;3;3.406766504;;;;;3.407766504;;;;
C50o1;C;50;c;3;52.5449757;;;;;52.5459757;;;;
C50o2;C;50;c;4;23.08685281;;;;;23.08785281;;;;
C50o3;C;50;c;4;0.349316737;;;;;0.350316737;;;;
C55o1;C;55;c;3;5.356283605;;;;;5.357283605;;;;
C55o2;C;55;c;3;19.93479427;;;;;19.93579427;;;;
C55o3;C;55;c;3;1.221385266;;;;;1.222385266;;;;
C61o1;C;61;c;4;5.922663264;;;;;5.923663264;;;;
C61o2;C;61;c;4;1.806300651;;;;;1.807300651;;;;
C61o3;C;61;c;4;0.804114948;;;;;0.805114948;;;;
C64o1;C;64;c;3;1.528686943;;;;;1.529686943;;;;
C64o2;C;64;c;4;4.334136854;;;;;4.335136854;;;;
C64o3;C;64;c;3;11.86027223;;;;;11.86127223;;;;
C1h1;C;1;h;4;8.702639524;;;;;8.703639524;;;;
C1h2;C;1;h;3;10.19982999;;;;;10.20082999;;;;
C1h3;C;1;h;3;2.451210727;;;;;2.452210727;;;;
C5h1;C;5;h;4;0.065712839;;;;;0.066712839;;;;
C5h2;C;5;h;3;5.408629776;;;;;5.409629776;;;;
C5h3;C;5;h;4;1.611625812;;;;;1.612625812;;;;
C8h1;C;8;h;3;3.963065959;;;;;3.964065959;;;;
C8h2;C;8;h;4;9.907450663;;;;;9.908450663;;;;
C8h3;C;8;h;3;1.525067888;;;;;1.526067888;;;;
C13h1;C;13;h;4;0.042771104;;;;;0.043771104;;;;
C13h3;C;13;h;4;1.19973287;;;;;1.20073287;;;;
C15h1;C;15;h;3;6.396810531;;;;;6.397810531;;;;
C15h2;C;15;h;4;4.907561818;;;;;4.908561818;;;;
C15h3;C;15;h;4;2.803107696;;;;;2.804107696;;;;
C19h1;C;19;h;3;5.479979895;;;;;5.480979895;;;;
C19h2;C;19;h;3;2.739060367;;;;;2.740060367;;;;
C19h3;C;19;h;2;6.1464925;;;;;6.1474925;;;;
C26h1;C;26;h;3;4.216673277;;;;;4.217673277;;;;
C26h2;C;26;h;4;5.784260674;;;;;5.785260674;;;;
C26h3;C;26;h;3;1.088679321;;;;;1.089679321;;;;
C30h1;C;30;h;3;39.18261596;;;;;39.18361596;;;;
C30h2;C;30;h;3;11.8627941;;;;;11.8637941;;;;
C30h3;C;30;h;4;1.844099899;;;;;1.845099899;;;;
C34h1;C;34;h;4;5.818136315;;;;;5.819136315;;;;
C34h2;C;34;h;4;3.43959081;;;;;3.44059081;;;;
C34h3;C;34;h;4;8.211594904;;;;;8.212594904;;;;
C43h2;C;43;h;4;1.089242325;;;;;1.090242325;;;;
C43h3;C;43;h;4;3.399104352;;;;;3.400104352;;;;
C45h1;C;45;h;3;0.218836677;;;;;0.219836677;;;;
C45h2;C;45;h;3;0.907973015;;;;;0.908973015;;;;
C45h3;C;45;h;3;2.095767305;;;;;2.096767305;;;;
C50h1;C;50;h;4;20.41278775;;;;;20.41378775;;;;
C50h2;C;50;h;3;23.71241059;;;;;23.71341059;;;;
C55h1;C;55;h;2;12.83433302;;;;;12.83533302;;;;
C55h2;C;55;h;3;3.305418673;;;;;3.306418673;;;;
C55h3;C;55;h;3;2.56683048;;;;;2.56783048;;;;
C61h1;C;61;h;4;2.144474772;;;;;2.145474772;;;;
C61h2;C;61;h;4;1.595015868;;;;;1.596015868;;;;
C61h3;C;61;h;4;3.300617368;;;;;3.301617368;;;;
C64h1;C;64;h;4;11.07151279;;;;;11.07251279;;;;
C64h2;C;64;h;4;1.332909916;;;;;1.333909916;;;;
C64h3;C;64;h;3;1.344707519;;;;;1.345707519;;;;
B3o1;B;3;c;4;4.065138046;;;;;4.066138046;;;;
B3o2;B;3;c;3;0.537800712;;;;;0.538800712;;;;
B3o3;B;3;c;3;0.87738905;;;;;0.87838905;;;;
B14o1;B;14;c;3;5.153933764;;;;;5.154933764;;;;
B14o2;B;14;c;3;3.693385849;;;;;3.694385849;;;;
B14o3;B;14;c;3;2.967005502;;;;;2.968005502;;;;
B24o1;B;24;c;4;17.17100627;;;;;17.17200627;;;;
B24o2;B;24;c;4;11.25255147;;;;;11.25355147;;;;
B24o3;B;24;c;3;17.1271421;;;;;17.1281421;;;;
B28o1;B;28;c;4;23.44607554;;;;;23.44707554;;;;
B28o2;B;28;c;3;18.25986173;;;;;18.26086173;;;;
B28o3;B;28;c;3;15.52658509;;;;;15.52758509;;;;
B30o1;B;30;c;3;4.192632189;;;;;4.193632189;;;;
B30o2;B;30;c;4;0.151692922;;;;;0.152692922;;;;
B30o3;B;30;c;4;3.636297634;;;;;3.637297634;;;;
B37o1;B;37;c;3;0.514426853;;;;;0.515426853;;;;
B37o2;B;37;c;3;0.839108125;;;;;0.840108125;;;;
B37o3;B;37;c;3;1.327232584;;;;;1.328232584;;;;
B53o1;B;53;c;4;11.28203049;;;;;11.28303049;;;;
B53o2;B;53;c;3;1.903096361;;;;;1.904096361;;;;
B53o3;B;53;c;3;2.903215694;;;;;2.904215694;;;;
B56o2;B;56;c;3;1.828228285;;;;;1.829228285;;;;
B56o3;B;56;c;3;5.582175459;;;;;5.583175459;;;;
B57o1;B;57;c;4;48.12032862;;;;;48.12132862;;;;
B57o2;B;57;c;4;10.74000459;;;;;10.74100459;;;;
B57o3;B;57;c;4;18.07544831;;;;;18.07644831;;;;
B60o1;B;60;c;3;14.69384205;;;;;14.69484205;;;;
B60o3;B;60;c;3;0.228338959;;;;;0.229338959;;;;
B61o1;B;61;c;3;34.02177057;;;;;34.02277057;;;;
B61o2;B;61;c;3;40.22466828;;;;;40.22566828;;;;
B61o3;B;61;c;3;5.400574318;;;;;5.401574318;;;;
B3h1;B;3;h;3;0.740257311;;;;;0.741257311;;;;
B3h2;B;3;h;3;7.526608914;;;;;7.527608914;;;;
B3h3;B;3;h;3;5.746771207;;;;;5.747771207;;;;
B14h1;B;14;h;3;5.970792532;;;;;5.971792532;;;;
B14h2;B;14;h;4;4.93219904;;;;;4.93319904;;;;
B14h3;B;14;h;3;4.939789913;;;;;4.940789913;;;;
B24h1;B;24;h;3;21.14815486;;;;;21.14915486;;;;
B24h2;B;24;h;3;8.407528783;;;;;8.408528783;;;;
B24h3;B;24;h;3;14.81506164;;;;;14.81606164;;;;
B28h1;B;28;h;3;17.99500074;;;;;17.99600074;;;;
B28h2;B;28;h;3;9.238891064;;;;;9.239891064;;;;
B28h3;B;28;h;3;40.05299913;;;;;40.05399913;;;;
B30h1;B;30;h;3;1.045268711;;;;;1.046268711;;;;
B30h2;B;30;h;3;3.518212059;;;;;3.519212059;;;;
B30h3;B;30;h;2;4.249948923;;;;;4.250948923;;;;
B37h1;B;37;h;4;1.290562713;;;;;1.291562713;;;;
B37h2;B;37;h;4;3.641352351;;;;;3.642352351;;;;
B37h3;B;37;h;4;21.36360402;;;;;21.36460402;;;;
B53h1;B;53;h;3;0.212747991;;;;;0.213747991;;;;
B53h2;B;53;h;3;1.382472752;;;;;1.383472752;;;;
B53h3;B;53;h;4;3.990376526;;;;;3.991376526;;;;
B56h1;B;56;h;3;9.435380215;;;;;9.436380215;;;;
B56h2;B;56;h;4;5.137034037;;;;;5.138034037;;;;
B56h3;B;56;h;4;4.694049561;;;;;4.695049561;;;;
B57h1;B;57;h;4;26.80097672;;;;;26.80197672;;;;
B57h2;B;57;h;4;8.368859251;;;;;8.369859251;;;;
B57h3;B;57;h;3;33.84552228;;;;;33.84652228;;;;
B60h1;B;60;h;3;32.3952478;;;;;32.3962478;;;;
B60h2;B;60;h;4;19.54603802;;;;;19.54703802;;;;
B60h3;B;60;h;3;2.508720981;;;;;2.509720981;;;;
B61h1;B;61;h;3;11.94834067;;;;;11.94934067;;;;
B61h2;B;61;h;3;11.68391947;;;;;11.68491947;;;;
B61h3;B;61;h;3;22.60116216;;;;;22.60216216;;;;
C1o1;C;1;c;4;10.33419819;;;;;10.33519819;;;;
C1o2;C;1;c;3;19.22327563;;;;;19.22427563;;;;
C1o3;C;1;c;3;2.193714411;;;;;2.194714411;;;;
C5o1;C;5;c;3;1.822105315;;;;;1.823105315;;;;
C5o2;C;5;c;3;5.239630592;;;;;5.240630592;;;;
C5o3;C;5;c;3;5.410478042;;;;;5.411478042;;;;
C8o1;C;8;c;4;13.52558965;;;;;13.52658965;;;;
C8o2;C;8;c;3;10.73354346;;;;;10.73454346;;;;
C8o3;C;8;c;3;4.017463818;;;;;4.018463818;;;;
C13o1;C;13;c;3;5.626976967;;;;;5.627976967;;;;
C13o2;C;13;c;3;1.496995843;;;;;1.497995843;;;;
C13o3;C;13;c;3;5.209614105;;;;;5.210614105;;;;
C15o1;C;15;c;4;4.764127193;;;;;4.765127193;;;;
C15o2;C;15;c;3;5.122628805;;;;;5.123628805;;;;
C15o3;C;15;c;4;4.198708818;;;;;4.199708818;;;;
C19o2;C;19;c;4;6.828312342;;;;;6.829312342;;;;
C19o3;C;19;c;4;4.702596844;;;;;4.703596844;;;;
C26o1;C;26;c;3;7.250138953;;;;;7.251138953;;;;
C26o2;C;26;c;3;11.1859348;;;;;11.1869348;;;;
C26o3;C;26;c;4;4.949339175;;;;;4.950339175;;;;
C30o1;C;30;c;3;23.63832365;;;;;23.63932365;;;;
C30o2;C;30;c;4;8.870532264;;;;;8.871532264;;;;
C30o3;C;30;c;3;11.01229402;;;;;11.01329402;;;;
C34o1;C;34;c;3;4.668145561;;;;;4.669145561;;;;
C34o2;C;34;c;3;5.123347397;;;;;5.124347397;;;;
C34o3;C;34;c;4;9.93490251;;;;;9.93590251;;;;
C43o2;C;43;c;4;4.207315909;;;;;4.208315909;;;;
C43o3;C;43;c;4;3.687366894;;;;;3.688366894;;;;
C45o1;C;45;c;3;3.250880712;;;;;3.251880712;;;;
C45o2;C;45;c;3;6.306072893;;;;;6.307072893;;;;
C45o3;C;45;c;3;21.8545137;;;;;21.8555137;;;;
C50o1;C;50;c;3;36.70771542;;;;;36.70871542;;;;
C50o2;C;50;c;4;32.54141007;;;;;32.54241007;;;;
C50o3;C;50;c;4;0.801827492;;;;;0.802827492;;;;
C55o1;C;55;c;3;7.518490841;;;;;7.519490841;;;;
C55o2;C;55;c;3;19.00521033;;;;;19.00621033;;;;
C55o3;C;55;c;3;4.651059656;;;;;4.652059656;;;;
C61o1;C;61;c;4;3.58998724;;;;;3.59098724;;;;
C61o2;C;61;c;4;1.51736967;;;;;1.51836967;;;;
C61o3;C;61;c;4;0.610679713;;;;;0.611679713;;;;
C64o1;C;64;c;3;2.022680476;;;;;2.023680476;;;;
C64o2;C;64;c;4;9.602743013;;;;;9.603743013;;;;
C64o3;C;64;c;3;12.41973699;;;;;12.42073699;;;;
C1h1;C;1;h;4;19.82862147;;;;;19.82962147;;;;
C1h2;C;1;h;3;22.23718956;;;;;22.23818956;;;;
C1h3;C;1;h;3;7.2378425;;;;;7.2388425;;;;
C5h1;C;5;h;4;0.096437298;;;;;0.097437298;;;;
C5h2;C;5;h;3;6.386706702;;;;;6.387706702;;;;
C5h3;C;5;h;4;1.539207461;;;;;1.540207461;;;;
C8h1;C;8;h;3;28.9988865;;;;;28.9998865;;;;
C8h2;C;8;h;4;30.58930312;;;;;30.59030312;;;;
C8h3;C;8;h;3;19.45440649;;;;;19.45540649;;;;
C13h1;C;13;h;4;0.122602693;;;;;0.123602693;;;;
C13h3;C;13;h;4;6.017266947;;;;;6.018266947;;;;
C15h1;C;15;h;3;6.627007724;;;;;6.628007724;;;;
C15h2;C;15;h;4;4.956282365;;;;;4.957282365;;;;
C15h3;C;15;h;4;3.550788171;;;;;3.551788171;;;;
C19h1;C;19;h;3;4.536342759;;;;;4.537342759;;;;
C19h2;C;19;h;3;3.780088189;;;;;3.781088189;;;;
C19h3;C;19;h;2;7.57003381;;;;;7.57103381;;;;
C26h1;C;26;h;3;5.699774406;;;;;5.700774406;;;;
C26h2;C;26;h;4;13.48531294;;;;;13.48631294;;;;
C26h3;C;26;h;3;2.726463704;;;;;2.727463704;;;;
C30h1;C;30;h;3;39.89832525;;;;;39.89932525;;;;
C30h2;C;30;h;3;9.796857827;;;;;9.797857827;;;;
C30h3;C;30;h;4;8.746195077;;;;;8.747195077;;;;
C34h1;C;34;h;4;4.797736318;;;;;4.798736318;;;;
C34h2;C;34;h;4;3.866804194;;;;;3.867804194;;;;
C34h3;C;34;h;4;3.910847369;;;;;3.911847369;;;;
C43h2;C;43;h;4;3.022745901;;;;;3.023745901;;;;
C43h3;C;43;h;4;2.557081433;;;;;2.558081433;;;;
C45h1;C;45;h;3;0.881061866;;;;;0.882061866;;;;
C45h2;C;45;h;3;4.215866306;;;;;4.216866306;;;;
C45h3;C;45;h;3;16.78828626;;;;;16.78928626;;;;
C50h1;C;50;h;4;19.48729312;;;;;19.48829312;;;;
C50h2;C;50;h;3;24.8492526;;;;;24.8502526;;;;
C55h1;C;55;h;2;8.833039809;;;;;8.834039809;;;;
C55h2;C;55;h;3;15.02841682;;;;;15.02941682;;;;
C55h3;C;55;h;3;9.852097031;;;;;9.853097031;;;;
C61h1;C;61;h;4;3.067358111;;;;;3.068358111;;;;
C61h2;C;61;h;4;1.255339547;;;;;1.256339547;;;;
C61h3;C;61;h;4;3.70679424;;;;;3.70779424;;;;
C64h1;C;64;h;4;25.31289303;;;;;25.31389303;;;;
C64h2;C;64;h;4;2.636839747;;;;;2.637839747;;;;
C64h3;C;64;h;3;1.409699811;;;;;1.410699811;;;;
B3o1;B;3;c;4;0.881981949;;;;;0.882981949;;;;
B3o2;B;3;c;3;0.158003073;;;;;0.159003073;;;;
B3o3;B;3;c;3;0.217290079;;;;;0.218290079;;;;
B14o1;B;14;c;3;1.174376118;;;;;1.175376118;;;;
B14o2;B;14;c;3;0.905238874;;;;;0.906238874;;;;
B14o3;B;14;c;3;0.710912553;;;;;0.711912553;;;;
B24o1;B;24;c;4;2.538043478;;;;;2.539043478;;;;
B24o2;B;24;c;4;2.670398417;;;;;2.671398417;;;;
B24o3;B;24;c;3;3.570485206;;;;;3.571485206;;;;
B28o1;B;28;c;4;4.837445558;;;;;4.838445558;;;;
B28o2;B;28;c;3;8.735220534;;;;;8.736220534;;;;
B28o3;B;28;c;3;4.025311357;;;;;4.026311357;;;;
B30o1;B;30;c;3;0.900814139;;;;;0.901814139;;;;
B30o2;B;30;c;4;0.036769564;;;;;0.037769564;;;;
B30o3;B;30;c;4;1.0552502;;;;;1.0562502;;;;
B37o1;B;37;c;3;0.080332208;;;;;0.081332208;;;;
B37o2;B;37;c;3;0.141465783;;;;;0.142465783;;;;
B37o3;B;37;c;3;0.405685197;;;;;0.406685197;;;;
B53o1;B;53;c;4;2.410331129;;;;;2.411331129;;;;
B53o2;B;53;c;3;0.575725857;;;;;0.576725857;;;;
B53o3;B;53;c;3;0.573344675;;;;;0.574344675;;;;
B56o2;B;56;c;3;0.567911449;;;;;0.568911449;;;;
B56o3;B;56;c;3;1.046800596;;;;;1.047800596;;;;
B57o1;B;57;c;4;5.81029241;;;;;5.81129241;;;;
B57o2;B;57;c;4;6.05482077;;;;;6.05582077;;;;
B57o3;B;57;c;4;3.457080927;;;;;3.458080927;;;;
B60o1;B;60;c;3;3.40523266;;;;;3.40623266;;;;
B60o3;B;60;c;3;0.049883521;;;;;0.050883521;;;;
B61o1;B;61;c;3;2.852137774;;;;;2.853137774;;;;
B61o2;B;61;c;3;10.70326676;;;;;10.70426676;;;;
B61o3;B;61;c;3;1.14897546;;;;;1.14997546;;;;
B3h1;B;3;h;3;0.154956998;;;;;0.155956998;;;;
B3h2;B;3;h;3;1.520573746;;;;;1.521573746;;;;
B3h3;B;3;h;3;1.577770773;;;;;1.578770773;;;;
B14h1;B;14;h;3;1.379083031;;;;;1.380083031;;;;
B14h2;B;14;h;4;1.271201682;;;;;1.272201682;;;;
B14h3;B;14;h;3;1.073371175;;;;;1.074371175;;;;
B24h1;B;24;h;3;7.015304663;;;;;7.016304663;;;;
B24h2;B;24;h;3;2.202750599;;;;;2.203750599;;;;
B24h3;B;24;h;3;3.007532292;;;;;3.008532292;;;;
B28h1;B;28;h;3;4.220451527;;;;;4.221451527;;;;
B28h2;B;28;h;3;3.204366509;;;;;3.205366509;;;;
B28h3;B;28;h;3;4.485337583;;;;;4.486337583;;;;
B30h1;B;30;h;3;0.204683577;;;;;0.205683577;;;;
B30h2;B;30;h;3;0.836087971;;;;;0.837087971;;;;
B30h3;B;30;h;2;1.056260601;;;;;1.057260601;;;;
B37h1;B;37;h;4;0.215865265;;;;;0.216865265;;;;
B37h2;B;37;h;4;1.030887637;;;;;1.031887637;;;;
B37h3;B;37;h;4;8.583875394;;;;;8.584875394;;;;
B53h1;B;53;h;3;0.046753728;;;;;0.047753728;;;;
B53h2;B;53;h;3;0.429684232;;;;;0.430684232;;;;
B53h3;B;53;h;4;0.997785283;;;;;0.998785283;;;;
B56h1;B;56;h;3;1.613833649;;;;;1.614833649;;;;
B56h2;B;56;h;4;1.423588318;;;;;1.424588318;;;;
B56h3;B;56;h;4;1.118759131;;;;;1.119759131;;;;
B57h1;B;57;h;4;4.075206329;;;;;4.076206329;;;;
B57h2;B;57;h;4;1.947659041;;;;;1.948659041;;;;
B57h3;B;57;h;3;6.551205986;;;;;6.552205986;;;;
B60h1;B;60;h;3;5.806453427;;;;;5.807453427;;;;
B60h2;B;60;h;4;3.592021274;;;;;3.593021274;;;;
B60h3;B;60;h;3;0.674982855;;;;;0.675982855;;;;
B61h1;B;61;h;3;3.112086209;;;;;3.113086209;;;;
B61h2;B;61;h;3;3.91040657;;;;;3.91140657;;;;
B61h3;B;61;h;3;4.902802693;;;;;4.903802693;;;;
C1o1;C;1;c;4;2.3466049;;;;;2.3476049;;;;
C1o2;C;1;c;3;4.369756705;;;;;4.370756705;;;;
C1o3;C;1;c;3;0.462383455;;;;;0.463383455;;;;
C5o1;C;5;c;3;0.569724311;;;;;0.570724311;;;;
C5o2;C;5;c;3;1.511478114;;;;;1.512478114;;;;
C5o3;C;5;c;3;1.194896861;;;;;1.195896861;;;;
C8o1;C;8;c;4;2.579884749;;;;;2.580884749;;;;
C8o2;C;8;c;3;1.945544501;;;;;1.946544501;;;;
C8o3;C;8;c;3;0.901265621;;;;;0.902265621;;;;
C13o1;C;13;c;3;0.871265588;;;;;0.872265588;;;;
C13o2;C;13;c;3;0.40124586;;;;;0.40224586;;;;
C13o3;C;13;c;3;1.645689082;;;;;1.646689082;;;;
C15o1;C;15;c;4;1.090791335;;;;;1.091791335;;;;
C15o2;C;15;c;3;1.887264147;;;;;1.888264147;;;;
C15o3;C;15;c;4;1.22287197;;;;;1.22387197;;;;
C19o2;C;19;c;4;1.12456715;;;;;1.12556715;;;;
C19o3;C;19;c;4;1.437727818;;;;;1.438727818;;;;
C26o1;C;26;c;3;1.214327733;;;;;1.215327733;;;;
C26o2;C;26;c;3;2.270954096;;;;;2.271954096;;;;
C26o3;C;26;c;4;1.091933396;;;;;1.092933396;;;;
C30o1;C;30;c;3;4.328153862;;;;;4.329153862;;;;
C30o2;C;30;c;4;2.187155722;;;;;2.188155722;;;;
C30o3;C;30;c;3;2.871880572;;;;;2.872880572;;;;
C34o1;C;34;c;3;1.555260439;;;;;1.556260439;;;;
C34o2;C;34;c;3;1.630982567;;;;;1.631982567;;;;
C34o3;C;34;c;4;4.723053758;;;;;4.724053758;;;;
C43o2;C;43;c;4;1.037207548;;;;;1.038207548;;;;
C43o3;C;43;c;4;1.060036183;;;;;1.061036183;;;;
C45o1;C;45;c;3;0.434252593;;;;;0.435252593;;;;
C45o2;C;45;c;3;1.141915802;;;;;1.142915802;;;;
C45o3;C;45;c;3;3.642688489;;;;;3.643688489;;;;
C50o1;C;50;c;3;7.055006628;;;;;7.056006628;;;;
C50o2;C;50;c;4;3.641864598;;;;;3.642864598;;;;
C50o3;C;50;c;4;0.245288498;;;;;0.246288498;;;;
C55o1;C;55;c;3;1.849079559;;;;;1.850079559;;;;
C55o2;C;55;c;3;4.442218987;;;;;4.443218987;;;;
C55o3;C;55;c;3;1.41328728;;;;;1.41428728;;;;
C61o1;C;61;c;4;1.111198237;;;;;1.112198237;;;;
C61o2;C;61;c;4;0.263122499;;;;;0.264122499;;;;
C61o3;C;61;c;4;0.107725765;;;;;0.108725765;;;;
C64o1;C;64;c;3;0.363012249;;;;;0.364012249;;;;
C64o2;C;64;c;4;2.146730034;;;;;2.147730034;;;;
C64o3;C;64;c;3;2.797104626;;;;;2.798104626;;;;
C1h1;C;1;h;4;3.495771779;;;;;3.496771779;;;;
C1h2;C;1;h;3;0;;;;;0.001;;;;
C1h3;C;1;h;3;1.174279959;;;;;1.175279959;;;;
C5h1;C;5;h;4;0.062454832;;;;;0.063454832;;;;
C5h2;C;5;h;3;1.366134189;;;;;1.367134189;;;;
C5h3;C;5;h;4;0.339925346;;;;;0.340925346;;;;
C8h1;C;8;h;3;10.97874637;;;;;10.97974637;;;;
C8h2;C;8;h;4;8.775569697;;;;;8.776569697;;;;
C8h3;C;8;h;3;1.929141745;;;;;1.930141745;;;;
C13h1;C;13;h;4;0.052394976;;;;;0.053394976;;;;
C13h3;C;13;h;4;0.937849148;;;;;0.938849148;;;;
C15h1;C;15;h;3;1.729679862;;;;;1.730679862;;;;
C15h2;C;15;h;4;1.477146452;;;;;1.478146452;;;;
C15h3;C;15;h;4;0.837436562;;;;;0.838436562;;;;
C19h1;C;19;h;3;1.15237717;;;;;1.15337717;;;;
C19h2;C;19;h;3;0.659231496;;;;;0.660231496;;;;
C19h3;C;19;h;2;2.050181487;;;;;2.051181487;;;;
C26h1;C;26;h;3;2.162799346;;;;;2.163799346;;;;
C26h2;C;26;h;4;6.214583958;;;;;6.215583958;;;;
C26h3;C;26;h;3;0.447652009;;;;;0.448652009;;;;
C30h1;C;30;h;3;9.509027603;;;;;9.510027603;;;;
C30h2;C;30;h;3;3.17798705;;;;;3.17898705;;;;
C30h3;C;30;h;4;2.905193763;;;;;2.906193763;;;;
C34h1;C;34;h;4;1.113797229;;;;;1.114797229;;;;
C34h2;C;34;h;4;0.98699334;;;;;0.98799334;;;;
C34h3;C;34;h;4;1.040757431;;;;;1.041757431;;;;
C43h2;C;43;h;4;0.756556204;;;;;0.757556204;;;;
C43h3;C;43;h;4;0.619138073;;;;;0.620138073;;;;
C45h1;C;45;h;3;0.21624599;;;;;0.21724599;;;;
C45h2;C;45;h;3;0.989723045;;;;;0.990723045;;;;
C45h3;C;45;h;3;3.217322088;;;;;3.218322088;;;;
C50h1;C;50;h;4;7.295864758;;;;;7.296864758;;;;
C50h2;C;50;h;3;5.998372669;;;;;5.999372669;;;;
C55h1;C;55;h;2;2.67261373;;;;;2.67361373;;;;
C55h2;C;55;h;3;4.701170463;;;;;4.702170463;;;;
C55h3;C;55;h;3;1.767789422;;;;;1.768789422;;;;
C61h1;C;61;h;4;0.726342442;;;;;0.727342442;;;;
C61h2;C;61;h;4;0.407436061;;;;;0.408436061;;;;
C61h3;C;61;h;4;0.957515035;;;;;0.958515035;;;;
C64h1;C;64;h;4;5.862914463;;;;;5.863914463;;;;
C64h2;C;64;h;4;0.537968448;;;;;0.538968448;;;;
C64h3;C;64;h;3;0.258597538;;;;;0.259597538;;;;
